team_id,game_id,game_date,home_away,pts,off_rtg,off_rtg_10,def_rtg,def_rtg_10,pace,pace_10,pie,pie_10
1610612745,0021000003,2010-10-26,A,110,107.063,111.44,106.979,112.56,95.021,97.547,0.49,0.49
1610612745,0021000015,2010-10-27,A,128,107.263,113.79,107.211,113.6,95.07,97.747,0.489,0.5
1610612745,0021000037,2010-10-30,H,94,106.883,111.38,107.033,113.12,95.21,98.55,0.489,0.495
1610612745,0021000059,2010-11-03,H,99,106.732,111.71,107.204,111.33,95.186,97.9,0.487,0.503
1610612745,0021000084,2010-11-06,A,109,106.788,111.5,107.296,112.2,95.324,97.872,0.487,0.493
1610612745,0021000092,2010-11-07,H,120,106.888,111.73,107.273,111.8,95.373,98.172,0.489,0.509
1610612745,0021000111,2010-11-10,A,91,106.739,110.36,106.974,111.7,95.379,98.972,0.49,0.502
1610612745,0021000122,2010-11-12,A,102,106.728,110.28,107.241,110.52,95.366,98.572,0.488,0.509
1610612745,0021000142,2010-11-14,A,104,106.752,108.62,107.056,109.2,95.391,98.822,0.49,0.512
1610612745,0021000156,2010-11-16,H,92,106.776,106.64,107.226,106.61,95.263,98.472,0.489,0.515
1610612745,0021000164,2010-11-17,A,99,106.727,106.38,107.348,108.05,95.226,97.622,0.488,0.501
1610612745,0021000173,2010-11-19,A,96,106.651,103.53,107.552,105.94,95.293,97.272,0.487,0.501
1610612745,0021000198,2010-11-22,H,116,106.672,105.53,107.632,107.3,95.415,97.472,0.487,0.503
1610612745,0021000217,2010-11-24,H,111,106.633,106.33,107.568,106.31,95.421,97.822,0.488,0.525
1610612745,0021000222,2010-11-26,A,89,106.517,104.6,107.171,105.46,95.415,97.4,0.49,0.521
1610612745,0021000247,2010-11-28,H,99,106.776,104.09,107.323,107.2,95.36,96.1,0.492,0.499
1610612745,0021000252,2010-11-29,A,91,106.645,104.48,107.413,107.93,95.385,95.7,0.491,0.496
1610612745,0021000269,2010-12-01,H,109,106.74,105.85,107.604,108.51,95.385,95.2,0.491,0.495
1610612745,0021000281,2010-12-03,A,127,107.099,108.96,107.766,110.72,95.257,94.6,0.491,0.495
1610612745,0021000290,2010-12-04,A,105,107.144,109.8,107.844,111.73,95.396,94.995,0.491,0.498
1610612745,0021000313,2010-12-07,H,97,107.268,110.4,107.879,108.85,95.323,94.345,0.492,0.521
1610612745,0021000336,2010-12-10,A,91,107.178,110.28,107.918,108.24,95.354,93.995,0.492,0.519
1610612745,0021000347,2010-12-11,H,110,107.446,110.88,107.838,106.62,95.366,92.945,0.494,0.528
1610612745,0021000364,2010-12-14,H,118,107.479,111.71,107.843,106.81,95.457,92.995,0.493,0.519
1610612745,0021000374,2010-12-15,A,105,107.639,113.65,108.04,109.11,95.36,92.745,0.493,0.517
1610612745,0021000389,2010-12-17,H,103,107.561,113.02,107.866,107.03,95.399,93.595,0.494,0.529
1610612745,0021000404,2010-12-19,A,102,107.539,114.08,107.811,106.29,95.49,93.595,0.495,0.546
1610612745,0021000413,2010-12-20,A,121,107.613,114.32,107.921,106.84,95.551,94.345,0.495,0.547
1610612745,0021000429,2010-12-22,A,97,107.716,110.81,107.754,104.51,95.582,94.645,0.497,0.543
1610612745,0021000451,2010-12-27,H,100,107.657,110.5,107.713,103.28,95.637,94.4,0.498,0.55
1610612745,0021000469,2010-12-29,H,119,108.028,111.26,107.851,106.33,95.704,95.65,0.5,0.536
1610612745,0021000480,2010-12-31,H,114,107.926,112.97,107.779,106.63,95.838,96.2,0.5,0.549
1610612745,0021000496,2011-01-02,A,85,107.832,110.43,107.9,107.18,95.789,96.1,0.5,0.534
1610612745,0021000503,2011-01-03,A,106,107.863,109.2,107.979,108.0,95.881,96.1,0.499,0.522
1610612745,0021000519,2011-01-05,H,100,108.139,108.54,108.204,106.48,95.869,96.15,0.5,0.531
1610612745,0021000529,2011-01-07,A,95,108.03,107.92,108.162,108.76,95.808,96.1,0.5,0.509
1610612745,0021000543,2011-01-08,H,89,107.815,107.08,108.12,109.07,95.814,95.752,0.499,0.496
1610612745,0021000552,2011-01-10,A,108,108.023,107.0,108.135,109.24,95.802,94.752,0.5,0.492
1610612745,0021000568,2011-01-12,H,112,108.237,108.67,108.488,111.92,95.845,94.702,0.498,0.483
1610612745,0021000582,2011-01-14,H,95,108.089,108.33,108.294,112.7,95.843,94.585,0.499,0.471
1610612745,0021000587,2011-01-15,A,112,108.268,108.22,108.46,111.48,95.909,94.035,0.498,0.477
1610612745,0021000602,2011-01-17,H,93,108.099,107.26,108.268,110.52,95.793,92.885,0.498,0.474
1610612745,0021000619,2011-01-19,H,104,108.09,108.54,107.973,108.8,95.878,93.485,0.5,0.492
1610612745,0021000635,2011-01-21,A,110,108.156,108.95,108.038,109.13,95.976,93.435,0.5,0.495
1610612745,0021000648,2011-01-22,H,104,108.366,109.5,108.354,110.62,95.933,93.435,0.499,0.483
1610612745,0021000659,2011-01-24,A,129,108.487,111.79,108.466,111.07,96.098,94.385,0.5,0.492
1610612745,0021000674,2011-01-26,H,96,108.455,112.0,108.244,109.7,96.063,94.733,0.503,0.511
1610612745,0021000679,2011-01-27,A,106,108.337,110.66,108.443,109.31,96.032,95.733,0.5,0.503
1610612745,0021000698,2011-01-29,A,95,108.328,109.55,108.824,109.02,95.977,95.133,0.497,0.499
1610612745,0021000718,2011-02-01,A,96,108.346,110.07,108.835,109.42,95.978,94.952,0.498,0.499
1610612745,0021000728,2011-02-02,A,97,108.84,109.55,108.882,109.29,95.905,94.102,0.502,0.495
1610612745,0021000749,2011-02-05,H,86,108.887,109.01,108.795,109.44,95.744,93.937,0.503,0.492
1610612745,0021000762,2011-02-07,A,108,108.609,108.47,108.807,110.07,95.787,94.787,0.503,0.492
1610612745,0021000772,2011-02-08,H,108,108.63,108.26,108.765,109.76,95.689,94.787,0.502,0.492
1610612745,0021000801,2011-02-12,H,102,108.848,108.05,108.954,108.72,95.573,94.687,0.502,0.494
1610612745,0021000817,2011-02-14,H,121,109.184,108.63,108.833,107.9,95.598,93.487,0.505,0.506
1610612745,0021000832,2011-02-16,H,105,109.161,109.57,109.018,111.2,95.561,93.487,0.503,0.484
1610612745,0021000840,2011-02-22,A,108,109.267,110.51,108.783,111.11,95.433,92.737,0.506,0.497
1610612745,0021000847,2011-02-23,A,124,109.423,112.6,109.195,111.64,95.372,93.387,0.504,0.511
1610612745,0021000876,2011-02-26,H,123,109.772,113.95,109.348,111.15,95.531,94.435,0.505,0.525
1610612745,0021000885,2011-02-27,A,91,109.754,113.63,109.438,110.47,95.323,94.235,0.504,0.52
1610612745,0021000901,2011-03-01,A,103,109.846,115.41,109.289,110.77,95.309,94.3,0.505,0.53
1610612745,0021000911,2011-03-02,A,103,109.985,115.96,109.529,111.91,95.279,93.4,0.504,0.515
1610612745,0021000927,2011-03-05,H,112,109.852,115.7,109.307,109.67,95.346,93.95,0.505,0.528
1610612745,0021000946,2011-03-07,A,123,109.795,117.16,109.015,108.43,95.364,94.55,0.506,0.546
1610612745,0021000952,2011-03-08,A,110,109.833,115.63,109.268,109.23,95.358,94.85,0.504,0.529
1610612745,0021000983,2011-03-12,H,107,109.945,115.17,109.398,108.49,95.486,95.5,0.504,0.533
1610612745,0021000996,2011-03-14,H,95,109.763,113.3,109.251,107.14,95.407,95.95,0.504,0.527
1610612745,0021001009,2011-03-16,H,94,109.895,111.09,109.037,103.41,95.358,95.25,0.507,0.536
1610612745,0021001024,2011-03-18,H,93,109.862,109.48,108.585,101.47,95.248,93.95,0.51,0.539
1610612745,0021001040,2011-03-20,H,110,110.105,110.23,108.7,102.37,95.236,95.0,0.511,0.55
1610612745,0021001062,2011-03-23,H,131,110.349,111.76,108.637,103.68,95.334,96.15,0.513,0.548
1610612745,0021001089,2011-03-27,A,119,110.546,113.19,108.946,105.4,95.401,96.35,0.512,0.55
1610612745,0021001102,2011-03-29,A,112,110.771,114.36,108.65,105.44,95.309,95.4,0.515,0.553
1610612745,0021001108,2011-03-30,A,97,110.605,112.35,108.718,106.77,95.316,94.85,0.514,0.537
1610612745,0021001128,2011-04-01,H,107,110.717,112.13,108.395,105.65,95.278,94.891,0.516,0.546
1610612745,0021001146,2011-04-03,H,114,110.821,113.8,108.541,105.86,95.211,94.141,0.516,0.554
1610612745,0021001158,2011-04-05,H,101,110.634,113.8,108.615,106.37,95.241,94.741,0.515,0.549
1610612745,0021001169,2011-04-06,A,93,110.58,113.58,108.763,108.92,95.241,94.791,0.514,0.53
1610612745,0021001189,2011-04-09,H,99,110.617,114.25,108.417,108.93,95.12,94.841,0.516,0.536
1610612745,0021001209,2011-04-11,H,82,110.223,111.5,108.223,107.01,95.079,94.71,0.515,0.523
1610612745,0021001224,2011-04-13,A,121,110.209,110.26,107.88,105.81,95.152,94.91,0.517,0.525
1610612745,0021100008,2011-12-26,A,95,110.223,108.79,108.009,104.87,94.963,93.96,0.517,0.527
1610612745,0021100034,2011-12-29,H,105,110.116,108.42,107.61,105.07,94.805,93.61,0.519,0.53
1610612745,0021100043,2011-12-30,A,93,110.104,107.27,107.696,104.74,94.799,94.31,0.517,0.521
1610612745,0021100052,2011-12-31,H,95,110.107,106.71,107.418,103.32,94.762,93.669,0.519,0.525
1610612745,0021100081,2012-01-03,A,99,110.026,104.98,107.43,103.09,94.711,93.769,0.518,0.511
1610612745,0021100093,2012-01-04,A,89,109.746,104.45,107.802,105.14,94.625,93.119,0.513,0.494
1610612745,0021100105,2012-01-06,A,94,109.86,104.45,108.04,105.77,94.546,93.269,0.512,0.492
1610612745,0021100115,2012-01-07,H,95,109.838,103.89,108.098,107.9,94.485,93.369,0.512,0.476
1610612745,0021100134,2012-01-10,A,82,109.6,103.51,107.816,105.86,94.442,93.6,0.512,0.494
1610612745,0021100149,2012-01-11,A,86,109.588,101.55,107.852,106.38,94.375,92.094,0.512,0.477
1610612745,0021100164,2012-01-13,H,103,109.668,101.83,107.53,104.13,94.35,92.594,0.514,0.483
1610612745,0021100176,2012-01-14,H,96,109.765,100.65,107.505,105.08,94.258,92.791,0.515,0.466
1610612745,0021100187,2012-01-16,A,114,109.796,103.01,107.367,104.6,94.203,92.591,0.515,0.489
1610612745,0021100200,2012-01-17,H,97,109.759,103.47,107.193,104.46,94.094,92.341,0.515,0.489
1610612745,0021100214,2012-01-19,H,81,109.723,102.12,107.017,102.07,94.024,91.766,0.516,0.5
1610612745,0021100235,2012-01-21,H,105,109.759,104.19,107.011,100.71,94.066,91.516,0.516,0.526
1610612745,0021100248,2012-01-23,A,107,109.87,104.56,106.826,97.97,94.145,92.416,0.518,0.542
1610612745,0021100262,2012-01-25,H,99,109.624,104.1,106.79,97.79,94.243,93.216,0.517,0.536
1610612745,0021100279,2012-01-27,H,103,109.245,106.05,106.306,98.34,94.292,93.366,0.519,0.549
1610612745,0021100287,2012-01-28,H,97,109.168,106.36,106.027,96.76,94.268,94.122,0.521,0.567
1610612745,0021100304,2012-01-30,H,108,109.141,106.08,106.352,99.19,94.408,94.822,0.518,0.555
1610612745,0021100323,2012-02-01,A,91,109.141,105.17,106.391,99.11,94.402,95.175,0.518,0.55
1610612745,0021100338,2012-02-03,H,99,108.912,103.63,106.127,96.45,94.481,95.225,0.518,0.552
1610612745,0021100348,2012-02-04,A,91,108.61,102.29,106.132,98.11,94.433,95.775,0.517,0.538
1610612745,0021100365,2012-02-06,A,99,108.426,103.01,105.689,98.22,94.524,96.85,0.519,0.546
1610612745,0021100383,2012-02-08,A,103,108.439,102.2,105.804,97.13,94.518,97.3,0.518,0.545
1610612745,0021100386,2012-02-09,A,96,108.49,102.77,105.86,98.37,94.414,95.8,0.518,0.543
1610612745,0021100412,2012-02-12,A,97,108.216,102.77,105.771,98.48,94.408,95.7,0.517,0.543
1610612745,0021100424,2012-02-14,A,83,108.16,101.91,105.918,101.33,94.286,94.6,0.515,0.509
1610612745,0021100436,2012-02-15,H,96,108.109,101.81,105.906,102.29,94.305,94.7,0.514,0.5
1610612745,0021100452,2012-02-17,H,98,108.015,102.02,105.9,102.62,94.164,93.65,0.513,0.495
1610612745,0021100466,2012-02-19,H,101,108.07,104.18,105.823,101.97,93.988,92.8,0.513,0.508
1610612745,0021100473,2012-02-20,H,97,108.249,104.99,105.787,104.39,93.957,91.8,0.515,0.505
1610612745,0021100494,2012-02-22,H,93,108.149,105.42,105.521,102.99,93.896,91.7,0.516,0.512
1610612745,0021100508,2012-02-28,H,88,108.005,105.09,105.282,103.14,93.89,90.95,0.515,0.499
1610612745,0021100522,2012-02-29,A,83,107.851,103.1,105.22,103.97,93.884,90.9,0.515,0.481
1610612745,0021100534,2012-03-02,H,105,108.006,103.11,105.51,106.2,93.914,91.65,0.514,0.469
1610612745,0021100551,2012-03-04,H,93,107.805,103.63,105.4,106.2,93.918,90.735,0.514,0.471
1610612745,0021100565,2012-03-06,A,83,107.471,103.02,105.055,104.84,93.885,91.409,0.514,0.476
1610612745,0021100569,2012-03-07,A,98,107.487,103.23,105.199,106.9,93.923,91.459,0.513,0.459
1610612745,0021100597,2012-03-10,A,112,107.671,105.4,105.359,107.04,93.795,91.009,0.513,0.476
1610612745,0021100607,2012-03-11,A,107,107.756,104.69,105.676,109.31,93.893,92.109,0.512,0.464
1610612745,0021100622,2012-03-13,A,104,107.784,104.73,105.896,109.7,93.862,92.709,0.511,0.461
1610612745,0021100632,2012-03-14,H,107,107.72,105.43,105.533,109.23,93.881,93.309,0.512,0.466
1610612745,0021100654,2012-03-17,A,91,107.588,106.08,105.302,110.79,93.832,92.959,0.514,0.471
1610612745,0021100667,2012-03-18,A,86,107.217,106.59,105.191,110.84,93.667,92.609,0.513,0.477
1610612745,0021100679,2012-03-20,H,107,107.434,107.31,105.524,109.82,93.612,92.259,0.511,0.486
1610612745,0021100696,2012-03-22,H,109,107.5,108.16,105.209,107.74,93.582,92.974,0.514,0.503
1610612745,0021100716,2012-03-24,H,89,107.496,109.76,105.085,109.27,93.511,92.068,0.515,0.504
1610612745,0021100734,2012-03-26,H,102,107.516,110.31,104.965,107.5,93.55,91.887,0.516,0.525
1610612745,0021100739,2012-03-27,A,81,107.229,105.93,104.826,104.92,93.605,92.537,0.515,0.512
1610612745,0021100764,2012-03-30,H,98,107.394,106.04,104.904,103.11,93.6,91.537,0.516,0.526
1610612745,0021100781,2012-04-01,H,92,107.422,105.5,105.004,102.75,93.397,90.972,0.514,0.52
1610612745,0021100786,2012-04-02,A,99,107.421,105.81,104.87,104.32,93.3,90.022,0.515,0.515
1610612745,0021100825,2012-04-06,A,112,107.434,106.79,104.728,104.01,93.415,91.272,0.516,0.514
1610612745,0021100841,2012-04-08,A,104,107.228,108.72,104.53,102.48,93.409,91.372,0.516,0.534
1610612745,0021100851,2012-04-09,A,94,107.154,107.27,104.244,100.7,93.361,91.422,0.517,0.536
1610612745,0021100864,2012-04-11,H,91,106.899,105.58,104.224,103.04,93.397,91.222,0.516,0.513
1610612745,0021100882,2012-04-13,H,105,106.65,105.66,104.078,103.38,93.428,92.704,0.515,0.512
1610612745,0021100901,2012-04-15,A,86,106.239,103.48,104.032,103.5,93.391,93.135,0.512,0.49
1610612745,0021100908,2012-04-16,H,102,106.215,105.31,104.117,104.66,93.519,93.535,0.512,0.497
1610612745,0021100926,2012-04-18,A,110,106.246,106.0,104.462,107.15,93.568,94.035,0.51,0.482
1610612745,0021100935,2012-04-19,A,89,106.109,105.19,104.384,106.83,93.524,94.442,0.51,0.479
1610612745,0021100948,2012-04-21,H,99,106.124,105.07,104.55,107.05,93.372,94.542,0.509,0.476
1610612745,0021100954,2012-04-22,A,88,105.748,103.33,104.539,106.88,93.323,93.792,0.508,0.474
1610612745,0021100986,2012-04-26,H,84,105.478,101.28,104.135,105.99,93.262,93.642,0.508,0.464
1610612745,0021200006,2012-10-31,A,105,105.506,101.66,103.966,106.21,93.207,94.242,0.509,0.464
1610612745,0021200018,2012-11-02,A,109,105.616,102.78,104.016,105.43,93.268,94.892,0.509,0.473
1610612745,0021200032,2012-11-03,H,77,105.349,100.42,104.083,103.45,93.308,94.27,0.507,0.468
1610612745,0021200059,2012-11-07,H,87,105.168,100.7,104.198,102.83,93.406,94.07,0.504,0.475
1610612745,0021200073,2012-11-09,A,85,104.921,99.62,104.1,102.23,93.326,93.42,0.503,0.475
1610612745,0021200085,2012-11-10,H,96,104.556,97.9,103.787,98.14,93.265,93.67,0.503,0.486
1610612745,0021200099,2012-11-12,H,110,104.487,99.89,103.68,99.63,93.229,93.928,0.503,0.494
1610612745,0021200112,2012-11-14,H,100,104.344,99.76,103.827,99.51,93.211,94.078,0.502,0.494
1610612745,0021200129,2012-11-16,A,106,104.444,101.66,103.818,100.86,93.221,94.011,0.503,0.498
1610612745,0021200146,2012-11-18,A,108,104.379,103.12,103.971,104.3,93.271,94.961,0.501,0.491
1610612745,0021200153,2012-11-19,A,91,103.994,101.4,103.812,104.6,93.344,95.261,0.5,0.476
1610612745,0021200165,2012-11-21,H,93,103.92,99.89,103.629,103.2,93.332,95.261,0.5,0.476
1610612745,0021200178,2012-11-23,H,131,104.271,104.74,103.505,104.18,93.454,95.983,0.503,0.498
1610612745,0021200206,2012-11-27,H,117,104.417,108.09,103.733,105.12,93.527,95.833,0.502,0.514
1610612745,0021200218,2012-11-28,A,98,104.599,108.86,104.135,107.3,93.537,96.433,0.501,0.501
1610612745,0021200237,2012-12-01,H,124,104.665,111.15,104.345,110.39,93.506,96.883,0.5,0.5
1610612745,0021200256,2012-12-04,H,107,104.652,110.15,104.198,109.11,93.646,97.383,0.499,0.497
1610612745,0021200278,2012-12-07,A,92,104.298,108.04,104.344,109.31,93.841,98.783,0.495,0.478
1610612745,0021200290,2012-12-08,H,109,104.456,107.37,104.339,109.01,93.878,99.7,0.497,0.476
1610612745,0021200301,2012-12-10,H,114,104.528,107.93,104.634,108.76,94.034,99.925,0.495,0.474
1610612745,0021200317,2012-12-12,H,99,104.451,108.73,104.382,107.76,94.101,99.975,0.497,0.488
1610612745,0021200332,2012-12-14,H,101,104.566,109.75,103.983,108.04,94.137,99.725,0.5,0.491
1610612745,0021200346,2012-12-16,A,96,104.552,106.76,103.874,108.8,94.168,99.125,0.5,0.469
1610612745,0021200351,2012-12-17,A,109,104.58,105.23,103.717,107.77,94.296,99.675,0.501,0.472
1610612745,0021200372,2012-12-19,H,125,105.155,108.07,104.179,106.22,94.265,99.575,0.501,0.499
1610612745,0021200394,2012-12-22,H,121,105.438,107.89,104.091,104.3,94.406,99.475,0.503,0.505
1610612745,0021200408,2012-12-25,A,120,105.627,109.82,104.183,104.01,94.425,98.975,0.504,0.52
1610612745,0021200417,2012-12-26,A,87,105.452,110.12,103.959,101.92,94.486,98.075,0.504,0.536
1610612745,0021200432,2012-12-28,A,116,105.379,110.58,104.043,102.17,94.577,98.325,0.502,0.531
1610612745,0021200443,2012-12-29,H,94,105.059,107.82,104.296,101.69,94.864,99.15,0.499,0.521
1610612745,0021200455,2012-12-31,H,123,105.424,110.1,104.47,102.79,95.007,99.2,0.5,0.528
1610612745,0021200471,2013-01-02,H,104,105.395,110.99,104.323,103.5,95.019,98.75,0.501,0.532
1610612745,0021200486,2013-01-04,A,115,105.478,112.15,104.409,102.35,95.038,99.55,0.501,0.549
1610612745,0021200493,2013-01-05,A,112,105.626,112.67,104.396,103.36,95.044,99.35,0.502,0.543
1610612745,0021200514,2013-01-08,H,125,105.851,111.76,104.766,103.15,95.099,100.2,0.499,0.536
1610612745,0021200521,2013-01-09,A,79,105.665,108.22,104.829,102.81,95.068,99.55,0.496,0.512
1610612745,0021200531,2013-01-11,A,91,105.554,105.48,104.732,103.69,94.971,99.3,0.496,0.489
1610612745,0021200544,2013-01-12,A,100,105.605,106.42,104.766,105.73,95.032,99.65,0.496,0.483
1610612745,0021200567,2013-01-15,H,109,105.805,107.12,105.309,106.83,94.965,98.4,0.494,0.485
1610612745,0021200575,2013-01-16,A,100,105.798,108.35,105.229,105.76,95.093,97.65,0.494,0.498
1610612745,0021200587,2013-01-18,A,95,105.85,106.5,105.498,106.65,95.007,96.85,0.492,0.482
1610612745,0021200597,2013-01-19,A,79,105.662,104.39,105.567,107.33,94.891,96.25,0.489,0.45
1610612745,0021200607,2013-01-21,A,100,105.599,103.76,105.538,107.63,94.983,95.35,0.489,0.446
1610612745,0021200622,2013-01-23,H,95,105.549,102.14,105.538,107.84,94.989,95.25,0.488,0.432
1610612745,0021200638,2013-01-25,A,100,105.756,101.13,105.345,106.08,95.019,93.95,0.491,0.441
1610612745,0021200646,2013-01-26,H,119,106.067,105.11,105.528,108.02,94.995,94.1,0.492,0.462
1610612745,0021200665,2013-01-28,A,125,106.363,108.66,105.073,105.42,95.038,94.2,0.496,0.497
1610612745,0021200679,2013-01-30,A,110,106.185,108.94,105.227,105.75,95.288,94.9,0.495,0.5
1610612745,0021200699,2013-02-02,H,109,106.24,108.56,105.143,103.03,95.379,95.2,0.496,0.515
1610612745,0021200718,2013-02-05,H,140,106.767,113.37,105.359,104.05,95.44,94.55,0.497,0.533
1610612745,0021200726,2013-02-06,A,108,106.987,114.41,105.695,104.76,95.477,94.8,0.496,0.532
1610612745,0021200743,2013-02-08,H,118,107.502,118.19,105.77,105.63,95.416,95.2,0.499,0.564
1610612745,0021200760,2013-02-10,A,111,107.522,118.88,105.706,107.58,95.465,95.6,0.5,0.559
1610612745,0021200774,2013-02-12,A,116,107.613,120.56,105.654,107.15,95.643,96.1,0.5,0.571
1610612745,0021200786,2013-02-13,A,96,107.732,119.22,105.849,108.97,95.683,96.85,0.5,0.547
1610612745,0021200804,2013-02-20,H,122,107.838,117.75,105.722,108.49,95.841,98.4,0.502,0.54
1610612745,0021200815,2013-02-22,A,106,107.667,116.09,105.502,110.56,95.902,98.1,0.502,0.52
1610612745,0021200823,2013-02-23,A,103,107.673,116.89,105.411,110.82,95.848,96.7,0.501,0.518
1610612745,0021200856,2013-02-27,H,107,107.579,115.71,105.35,111.4,95.976,97.6,0.501,0.504
1610612745,0021200866,2013-03-01,A,118,107.776,113.7,105.694,111.98,95.927,97.3,0.5,0.494
1610612745,0021200885,2013-03-03,H,136,108.222,116.21,105.659,110.49,96.043,97.6,0.503,0.522
1610612745,0021200908,2013-03-06,A,108,108.495,114.73,105.784,110.96,96.067,97.95,0.503,0.509
1610612745,0021200926,2013-03-08,A,94,108.227,113.09,105.47,107.88,96.159,97.95,0.504,0.519
1610612745,0021200932,2013-03-09,A,105,108.162,112.66,105.763,108.64,96.171,97.3,0.501,0.511
1610612745,0021200961,2013-03-13,H,111,108.232,113.86,105.437,105.89,96.351,97.55,0.504,0.539
1610612745,0021200973,2013-03-15,H,108,108.307,114.16,105.505,105.72,96.343,96.0,0.504,0.543
1610612745,0021200988,2013-03-17,H,78,108.226,110.51,105.685,106.42,96.392,96.55,0.503,0.52
1610612745,0021201014,2013-03-20,H,100,108.151,109.96,105.644,105.02,96.477,96.7,0.501,0.528
1610612745,0021201028,2013-03-22,H,116,108.327,111.63,105.328,102.57,96.583,95.95,0.506,0.558
1610612745,0021201042,2013-03-24,H,96,108.229,109.53,105.273,100.87,96.644,95.9,0.505,0.555
1610612745,0021201064,2013-03-27,H,91,108.07,105.54,105.334,101.35,96.528,95.25,0.504,0.523
1610612745,0021201079,2013-03-29,A,94,108.023,104.85,105.621,101.14,96.461,94.6,0.501,0.516
1610612745,0021201088,2013-03-30,H,98,107.995,105.37,105.446,100.51,96.534,94.5,0.501,0.516
1610612745,0021201104,2013-04-01,H,111,108.212,105.99,105.417,100.2,96.564,94.45,0.503,0.523
1610612745,0021201119,2013-04-03,A,112,108.271,105.98,105.271,102.02,96.589,94.65,0.504,0.511
1610612745,0021201136,2013-04-05,A,116,108.684,106.57,105.245,101.37,96.564,94.95,0.507,0.516
1610612745,0021201144,2013-04-06,A,114,108.765,109.73,105.476,102.94,96.638,95.55,0.506,0.526
1610612745,0021201160,2013-04-09,H,101,108.605,109.72,105.183,103.37,96.674,95.65,0.507,0.526
1610612745,0021201184,2013-04-12,H,78,108.515,106.73,105.051,104.56,96.62,94.75,0.507,0.489
1610612745,0021201200,2013-04-14,H,121,108.606,108.16,104.945,104.36,96.773,95.6,0.508,0.503
1610612745,0021201211,2013-04-15,A,112,108.754,108.94,105.068,104.7,96.913,96.95,0.508,0.507
1610612745,0021201228,2013-04-17,A,86,108.811,107.74,105.244,102.9,96.896,97.211,0.507,0.513
1610612745,0021300009,2013-10-30,H,96,108.778,108.08,105.124,103.57,96.835,96.711,0.508,0.518
1610612745,0021300025,2013-11-01,H,113,108.761,107.28,105.077,102.64,96.908,97.711,0.509,0.527
1610612745,0021300038,2013-11-02,A,104,109.118,107.37,105.172,102.64,96.905,96.861,0.512,0.53
1610612745,0021300050,2013-11-04,A,118,109.395,106.53,105.582,105.59,97.008,97.711,0.512,0.514
1610612745,0021300058,2013-11-05,A,116,109.66,106.96,105.551,102.85,97.13,97.461,0.513,0.536
1610612745,0021300072,2013-11-07,H,98,109.565,105.77,105.649,101.96,97.252,98.411,0.513,0.539
1610612745,0021300090,2013-11-09,H,94,109.357,106.8,105.587,104.02,97.246,99.061,0.513,0.542
1610612745,0021300103,2013-11-11,H,91,109.199,104.62,105.412,103.34,97.286,98.287,0.515,0.548
1610612745,0021300112,2013-11-13,A,106,109.099,104.49,105.352,103.19,97.374,97.795,0.514,0.554
1610612745,0021300123,2013-11-14,A,109,109.222,106.49,105.291,104.69,97.283,98.134,0.516,0.564
1610612745,0021300141,2013-11-16,H,122,109.585,108.02,105.376,106.66,97.301,99.084,0.518,0.559
1610612745,0021300159,2013-11-19,H,109,109.811,108.5,105.359,105.51,97.271,98.234,0.521,0.57
1610612745,0021300172,2013-11-20,A,120,109.738,109.82,105.677,108.32,97.216,98.534,0.519,0.558
1610612745,0021300192,2013-11-23,H,112,109.615,109.89,105.638,105.58,97.259,97.884,0.519,0.573
1610612745,0021300206,2013-11-25,A,93,109.616,108.5,105.276,105.04,97.191,96.934,0.521,0.564
1610612745,0021300221,2013-11-27,H,113,109.601,111.45,104.96,104.74,97.1,95.634,0.522,0.576
1610612745,0021300234,2013-11-29,H,114,109.776,113.58,104.899,103.47,97.033,95.634,0.524,0.591
1610612745,0021300245,2013-11-30,A,112,109.996,114.58,104.807,104.35,97.039,96.758,0.527,0.575
1610612745,0021300259,2013-12-02,A,103,110.104,115.61,104.898,105.28,96.887,95.7,0.526,0.572
1610612745,0021300271,2013-12-04,H,88,109.85,113.08,104.684,103.78,96.816,96.1,0.526,0.558
1610612745,0021300285,2013-12-06,H,105,109.898,111.29,104.543,100.93,96.841,96.2,0.528,0.569
1610612745,0021300301,2013-12-08,H,98,109.913,110.59,104.565,101.53,96.798,95.85,0.529,0.561
1610612745,0021300328,2013-12-12,A,104,109.974,108.7,104.61,100.05,96.841,96.05,0.53,0.56
1610612745,0021300341,2013-12-13,A,116,110.06,108.88,104.791,100.83,96.847,96.3,0.529,0.551
1610612745,0021300350,2013-12-15,A,91,109.565,107.65,104.746,101.88,96.914,97.3,0.525,0.534
1610612745,0021300379,2013-12-18,H,109,109.504,107.09,104.811,103.08,96.835,97.3,0.525,0.525
1610612745,0021300388,2013-12-20,A,81,108.972,103.23,104.971,104.6,96.877,97.7,0.52,0.49
1610612745,0021300396,2013-12-21,A,114,109.285,104.29,105.122,104.5,96.896,96.9,0.522,0.497
1610612745,0021300412,2013-12-23,H,104,109.289,103.9,105.145,104.2,96.762,97.3,0.522,0.497
1610612745,0021300421,2013-12-25,A,111,109.706,106.64,105.055,104.73,96.548,96.95,0.525,0.514
1610612745,0021300424,2013-12-26,H,100,109.561,107.34,105.02,106.7,96.432,95.85,0.525,0.504
1610612745,0021300442,2013-12-28,H,107,109.587,108.31,105.085,107.77,96.445,95.85,0.525,0.497
1610612745,0021300450,2013-12-29,A,86,109.305,106.66,105.376,108.63,96.365,95.65,0.521,0.475
1610612745,0021300464,2013-12-31,H,106,109.272,106.21,105.479,109.0,96.335,95.15,0.52,0.472
1610612745,0021300485,2014-01-03,H,102,109.145,108.32,105.479,109.16,96.201,94.35,0.519,0.489
1610612745,0021300526,2014-01-08,H,113,109.438,107.68,105.533,108.73,96.31,95.25,0.522,0.49
1610612745,0021300533,2014-01-10,A,80,109.328,108.4,105.305,106.43,96.274,94.35,0.523,0.51
1610612745,0021300544,2014-01-11,A,114,109.472,107.95,105.291,107.12,96.292,94.7,0.524,0.505
1610612745,0021300556,2014-01-13,A,104,109.271,106.97,104.851,104.42,96.408,95.5,0.526,0.521
1610612745,0021300572,2014-01-15,A,103,109.449,106.24,104.93,104.74,96.274,95.4,0.527,0.517
1610612745,0021300580,2014-01-16,H,92,109.334,104.64,104.861,105.35,96.335,96.05,0.527,0.497
1610612745,0021300597,2014-01-18,H,114,109.604,104.53,104.854,105.43,96.493,96.65,0.531,0.495
1610612745,0021300614,2014-01-20,H,126,109.859,108.3,105.027,104.77,96.554,96.9,0.531,0.529
1610612745,0021300627,2014-01-22,H,119,110.128,109.16,104.89,103.01,96.591,97.35,0.534,0.549
1610612745,0021300642,2014-01-24,H,87,109.95,107.73,104.999,102.14,96.579,97.05,0.532,0.542
1610612745,0021300649,2014-01-25,A,81,109.516,105.75,104.965,103.36,96.524,95.85,0.529,0.517
1610612745,0021300671,2014-01-28,H,97,109.162,107.3,105.122,103.92,96.505,96.1,0.526,0.526
1610612745,0021300681,2014-01-29,A,117,109.335,107.82,105.179,104.83,96.42,95.95,0.528,0.524
1610612745,0021300701,2014-02-01,H,106,109.256,108.44,105.116,105.2,96.451,95.55,0.528,0.525
1610612745,0021300729,2014-02-05,H,122,108.999,109.68,105.077,105.25,96.475,96.2,0.527,0.532
1610612745,0021300753,2014-02-08,A,101,108.882,110.7,104.807,104.32,96.499,96.15,0.529,0.545
1610612745,0021300768,2014-02-10,A,107,108.645,110.33,104.532,102.99,96.579,95.9,0.529,0.551
1610612745,0021300784,2014-02-12,H,113,108.67,109.13,104.44,102.77,96.591,95.9,0.53,0.547
1610612745,0021300811,2014-02-19,A,134,108.81,109.75,104.416,103.26,96.64,96.5,0.53,0.538
1610612745,0021300814,2014-02-20,A,89,108.798,109.77,104.302,103.26,96.578,96.842,0.531,0.539
1610612745,0021300838,2014-02-23,A,115,108.782,111.73,104.31,103.12,96.505,98.242,0.531,0.56
1610612745,0021300852,2014-02-25,A,129,108.902,113.96,104.252,103.43,96.639,99.192,0.533,0.57
1610612745,0021300862,2014-02-26,A,93,108.745,112.05,104.185,102.67,96.657,98.642,0.533,0.56
1610612745,0021300876,2014-03-01,H,118,108.929,113.03,104.237,104.19,96.608,98.892,0.533,0.551
1610612745,0021300900,2014-03-04,H,106,108.805,112.11,104.161,104.47,96.59,98.242,0.533,0.542
1610612745,0021300905,2014-03-05,A,101,108.382,112.11,103.999,103.86,96.578,98.242,0.531,0.544
1610612745,0021300926,2014-03-07,H,112,108.449,113.12,103.662,103.83,96.572,97.892,0.533,0.545
1610612745,0021300939,2014-03-09,H,106,108.6,112.52,103.867,103.18,96.564,97.733,0.533,0.544
1610612745,0021300955,2014-03-11,A,98,108.461,109.8,103.8,103.59,96.613,97.083,0.533,0.533
1610612745,0021300968,2014-03-13,A,87,108.3,109.78,104.323,106.06,96.485,96.791,0.528,0.518
1610612745,0021300989,2014-03-16,A,104,108.293,110.15,104.51,107.36,96.461,95.641,0.527,0.51
1610612745,0021301000,2014-03-17,H,124,108.813,109.78,104.151,105.59,96.528,95.641,0.532,0.518
1610612745,0021301019,2014-03-20,H,129,109.102,112.89,104.265,105.67,96.583,96.091,0.534,0.535
1610612745,0021301033,2014-03-22,A,118,109.098,113.01,104.613,105.66,96.625,96.091,0.531,0.535
1610612745,0021301047,2014-03-24,A,100,109.24,113.1,104.627,104.69,96.546,95.541,0.532,0.543
1610612745,0021301072,2014-03-27,H,120,109.428,114.12,104.435,104.93,96.705,96.291,0.535,0.555
1610612745,0021301088,2014-03-29,H,107,109.402,112.67,104.42,107.35,96.875,97.091,0.536,0.533
1610612745,0021301111,2014-04-01,A,96,109.352,111.54,104.695,107.3,96.9,97.25,0.534,0.523
1610612745,0021301118,2014-04-02,A,103,109.187,111.94,104.665,107.29,96.967,97.35,0.533,0.523
1610612745,0021301139,2014-04-04,H,111,109.216,113.49,104.777,105.74,96.924,98.25,0.532,0.543
1610612745,0021301153,2014-04-06,H,117,109.11,113.27,104.871,104.33,97.023,99.56,0.531,0.548
1610612745,0021301161,2014-04-08,A,145,109.298,113.7,104.695,107.4,97.163,100.76,0.533,0.534
1610612745,0021301171,2014-04-09,A,116,109.362,111.85,104.865,108.29,97.279,101.36,0.533,0.518
1610612745,0021301183,2014-04-11,A,110,109.546,110.41,105.017,107.87,97.499,101.91,0.533,0.513
1610612745,0021301194,2014-04-12,H,111,109.523,110.48,105.157,108.71,97.413,102.71,0.533,0.51
1610612745,0021301209,2014-04-14,H,104,109.585,110.23,105.061,109.83,97.267,101.56,0.534,0.496
1610612745,0021301219,2014-04-16,A,100,109.77,110.75,105.261,109.8,97.272,100.46,0.534,0.497
1610612745,0021400003,2014-10-28,A,108,109.884,112.44,105.316,108.66,97.308,100.06,0.534,0.519
1610612745,0021400012,2014-10-29,A,104,109.982,113.8,105.382,108.52,97.113,98.91,0.533,0.526
1610612745,0021400034,2014-11-01,H,104,109.887,112.87,105.271,106.69,97.192,99.06,0.532,0.532
1610612745,0021400043,2014-11-03,A,104,109.865,112.72,104.885,105.71,97.058,98.0,0.534,0.538
1610612745,0021400050,2014-11-04,A,108,109.932,112.16,104.917,104.67,96.918,95.45,0.535,0.546
1610612745,0021400069,2014-11-06,H,98,110.013,111.11,104.785,101.31,96.826,94.7,0.536,0.562
1610612745,0021400087,2014-11-08,H,87,109.834,109.16,104.57,100.35,96.924,94.35,0.535,0.553
1610612745,0021400117,2014-11-12,A,113,110.117,109.49,104.74,99.92,96.933,94.35,0.533,0.548
1610612745,0021400127,2014-11-14,H,88,109.905,107.11,104.449,98.17,96.926,95.0,0.533,0.547
1610612745,0021400144,2014-11-16,A,69,109.48,104.12,103.98,94.19,96.828,94.5,0.531,0.543
1610612745,0021400151,2014-11-17,A,93,109.201,102.42,104.201,97.52,96.743,94.45,0.528,0.513
1610612745,0021400169,2014-11-19,H,92,109.024,100.65,104.405,97.5,96.706,94.9,0.525,0.507
1610612745,0021400188,2014-11-22,H,95,108.733,100.36,104.037,98.2,96.682,94.35,0.525,0.5
1610612745,0021400202,2014-11-24,H,91,108.56,99.19,103.932,97.76,96.597,94.1,0.524,0.491
1610612745,0021400217,2014-11-26,H,102,108.638,97.89,103.921,96.87,96.639,94.65,0.525,0.483
1610612745,0021400228,2014-11-28,H,85,108.267,97.13,104.174,99.73,96.633,94.05,0.521,0.455
1610612745,0021400240,2014-11-29,A,117,108.356,101.46,104.322,101.44,96.597,92.95,0.52,0.47
1610612745,0021400268,2014-12-03,H,105,108.387,100.39,104.31,100.82,96.487,93.1,0.52,0.468
1610612745,0021400283,2014-12-05,A,103,108.251,102.05,104.087,102.31,96.599,93.022,0.52,0.463
1610612745,0021400290,2014-12-06,H,100,108.377,104.03,104.061,104.44,96.612,94.322,0.521,0.478
1610612745,0021400324,2014-12-10,A,93,108.291,103.83,104.374,102.35,96.557,94.672,0.517,0.482
1610612745,0021400327,2014-12-11,A,102,108.318,104.8,104.511,102.4,96.571,94.736,0.516,0.483
1610612745,0021400346,2014-12-13,H,108,108.29,105.07,104.255,101.84,96.644,95.736,0.517,0.49
1610612745,0021400378,2014-12-17,A,104,108.152,105.54,104.122,102.39,96.638,96.639,0.518,0.496
1610612745,0021400380,2014-12-18,H,90,108.235,104.35,104.115,103.47,96.553,96.589,0.518,0.483
1610612745,0021400396,2014-12-20,H,97,108.078,105.54,104.204,103.32,96.571,96.789,0.516,0.489
1610612745,0021400411,2014-12-22,H,110,108.372,103.36,103.933,101.41,96.62,97.889,0.52,0.493
1610612745,0021400436,2014-12-26,A,106,108.339,103.9,104.04,102.29,96.562,97.517,0.519,0.496
1610612745,0021400454,2014-12-28,A,106,108.256,103.94,103.915,102.79,96.66,97.795,0.519,0.495
1610612745,0021400463,2014-12-29,H,103,108.072,104.14,103.911,103.5,96.733,97.945,0.518,0.486
1610612745,0021400478,2014-12-31,H,102,108.055,105.4,103.733,101.44,96.782,97.695,0.517,0.504
1610612745,0021400488,2015-01-02,A,83,107.706,103.29,103.871,102.52,96.812,97.831,0.514,0.486
1610612745,0021400497,2015-01-03,H,115,108.105,105.14,103.42,101.78,96.782,96.781,0.52,0.497
1610612745,0021400512,2015-01-05,A,105,108.078,105.6,103.455,103.53,96.794,96.428,0.519,0.481
1610612745,0021400523,2015-01-07,A,105,108.102,107.23,103.362,102.99,96.8,96.378,0.519,0.494
1610612745,0021400536,2015-01-08,A,120,108.244,109.04,103.35,101.73,96.763,96.828,0.519,0.515
1610612745,0021400555,2015-01-10,H,97,108.343,108.16,103.233,100.69,96.879,96.478,0.521,0.512
1610612745,0021400564,2015-01-12,A,113,108.415,108.57,103.187,100.12,96.818,96.8,0.521,0.515
1610612745,0021400575,2015-01-14,A,113,108.509,109.04,103.483,100.88,96.843,97.0,0.519,0.517
1610612745,0021400584,2015-01-15,H,112,108.61,110.65,103.468,101.11,96.861,96.45,0.519,0.527
1610612745,0021400603,2015-01-17,H,106,108.684,109.8,103.668,104.82,96.965,97.55,0.518,0.505
1610612745,0021400617,2015-01-19,H,110,108.662,112.37,103.594,103.16,96.952,97.8,0.518,0.53
1610612745,0021400636,2015-01-21,A,113,108.448,111.11,103.679,106.9,97.007,98.75,0.517,0.505
1610612745,0021400650,2015-01-23,A,113,108.361,111.48,103.837,106.14,97.013,99.15,0.515,0.521
1610612745,0021400667,2015-01-25,A,99,108.376,109.97,103.689,104.82,97.148,99.9,0.516,0.519
1610612745,0021400685,2015-01-28,H,99,108.473,107.63,103.49,104.51,97.276,100.05,0.518,0.51
1610612745,0021400698,2015-01-30,A,93,108.357,107.42,103.378,105.11,97.343,99.9,0.519,0.515
1610612745,0021400709,2015-01-31,A,101,108.227,106.28,103.439,106.9,97.282,99.75,0.517,0.498
1610612745,0021400735,2015-02-04,H,101,108.204,105.94,103.427,104.74,97.257,98.95,0.516,0.504
1610612745,0021400753,2015-02-06,H,117,108.1,105.5,103.437,104.99,97.288,99.7,0.516,0.503
1610612745,0021400771,2015-02-08,H,98,108.144,106.27,103.688,104.48,97.221,98.25,0.514,0.507
1610612745,0021400784,2015-02-10,A,127,108.317,107.5,103.993,106.26,97.276,98.55,0.513,0.504
1610612745,0021400799,2015-02-11,A,95,108.07,106.03,103.941,104.92,97.3,98.3,0.511,0.499
1610612745,0021400810,2015-02-20,A,100,107.704,104.36,104.0,104.6,97.276,98.65,0.509,0.484
1610612745,0021400819,2015-02-21,H,98,107.646,103.79,103.663,103.05,97.435,99.2,0.511,0.498
1610612745,0021400832,2015-02-23,H,113,107.623,104.76,103.521,103.37,97.447,99.65,0.511,0.502
1610612745,0021400846,2015-02-25,H,110,107.434,106.39,103.611,105.34,97.399,99.65,0.51,0.498
1610612745,0021400863,2015-02-27,H,102,107.537,106.39,103.56,103.66,97.411,99.7,0.512,0.514
1610612745,0021400883,2015-03-01,H,95,107.404,106.47,103.474,104.58,97.285,99.116,0.512,0.515
1610612745,0021400892,2015-03-03,A,96,107.196,104.7,103.405,104.21,97.358,98.816,0.511,0.506
1610612745,0021400901,2015-03-04,H,100,107.282,105.04,103.652,103.57,97.279,98.716,0.51,0.516
1610612745,0021400917,2015-03-06,H,103,107.045,102.69,103.649,101.01,97.382,98.766,0.51,0.521
1610612745,0021400930,2015-03-07,A,114,107.011,103.84,103.478,99.38,97.511,99.466,0.51,0.539
1610612745,0021400961,2015-03-11,A,100,107.048,104.42,103.466,99.21,97.505,98.966,0.51,0.544
1610612745,0021400965,2015-03-12,A,91,107.088,105.2,103.422,104.08,97.517,97.466,0.511,0.514
1610612745,0021400983,2015-03-15,A,100,106.889,104.13,103.084,103.78,97.652,97.316,0.511,0.507
1610612745,0021401002,2015-03-17,H,107,106.78,104.42,103.289,102.95,97.554,96.916,0.51,0.51
1610612745,0021401017,2015-03-19,H,118,106.552,104.82,103.212,102.82,97.645,98.016,0.509,0.515
1610612745,0021401034,2015-03-21,H,102,106.295,103.92,103.244,103.77,97.694,99.45,0.508,0.504
1610612745,0021401048,2015-03-23,A,110,106.291,105.68,103.268,103.57,97.804,99.2,0.508,0.517
1610612745,0021401068,2015-03-25,A,95,106.185,105.13,103.394,102.81,97.621,99.1,0.506,0.523
1610612745,0021401081,2015-03-27,H,120,106.418,107.53,103.38,105.15,97.554,98.5,0.508,0.517
1610612745,0021401097,2015-03-29,A,99,106.443,106.88,103.207,105.08,97.56,97.65,0.509,0.514
1610612745,0021401104,2015-03-30,A,96,106.432,106.89,103.2,105.11,97.481,97.15,0.509,0.512
1610612745,0021401117,2015-04-01,H,115,106.424,108.05,103.195,103.88,97.53,98.35,0.508,0.522
1610612745,0021401125,2015-04-02,A,108,106.361,108.94,103.101,104.47,97.48,98.15,0.509,0.53
1610612745,0021401147,2015-04-05,A,115,106.171,108.7,103.038,105.34,97.345,99.05,0.509,0.526
1610612745,0021401168,2015-04-08,A,98,106.082,107.99,103.007,106.61,97.23,97.95,0.508,0.51
1610612745,0021401181,2015-04-10,H,103,106.06,108.48,103.0,105.87,97.156,97.5,0.508,0.513
1610612745,0021401199,2015-04-12,H,121,106.171,109.49,103.113,107.44,97.169,97.5,0.508,0.51
1610612745,0021401202,2015-04-13,A,100,106.078,109.35,102.972,106.37,97.205,98.15,0.508,0.512
1610612745,0021401219,2015-04-15,H,117,106.082,107.99,102.632,103.66,97.376,99.0,0.512,0.527
1610612745,0021500010,2015-10-28,H,85,105.728,106.58,102.771,105.08,97.431,99.0,0.508,0.51
1610612745,0021500030,2015-10-30,H,92,105.429,105.58,102.849,105.64,97.571,99.65,0.506,0.506
1610612745,0021500041,2015-11-01,A,89,105.28,103.49,103.124,106.11,97.535,99.1,0.503,0.492
1610612745,0021500049,2015-11-02,H,110,105.222,103.38,103.15,106.11,97.656,99.45,0.503,0.489
1610612745,0021500064,2015-11-04,H,107,105.134,103.66,103.211,106.09,97.733,98.624,0.501,0.483
1610612745,0021500084,2015-11-06,A,116,105.262,104.39,103.483,105.21,97.818,99.524,0.5,0.491
1610612745,0021500093,2015-11-07,A,109,105.551,104.99,103.605,105.31,97.787,99.524,0.501,0.491
1610612745,0021500119,2015-11-11,H,98,105.373,102.95,103.698,104.71,97.769,99.274,0.5,0.48
1610612745,0021500136,2015-11-13,A,98,105.483,102.23,103.917,105.92,97.787,99.774,0.499,0.469
1610612745,0021500140,2015-11-14,H,98,105.724,101.19,104.35,108.28,97.94,99.124,0.499,0.443
1610612745,0021500154,2015-11-16,H,95,105.655,101.82,104.116,108.55,98.044,99.474,0.5,0.448
1610612745,0021500170,2015-11-18,H,97,105.67,102.62,103.996,106.91,98.101,99.246,0.501,0.462
1610612745,0021500180,2015-11-20,A,84,105.461,101.84,103.961,105.06,98.18,99.646,0.499,0.463
1610612745,0021500194,2015-11-21,H,102,105.684,102.98,104.326,107.4,98.119,97.896,0.499,0.456
1610612745,0021500220,2015-11-25,H,93,105.516,101.02,104.441,106.96,98.168,98.222,0.497,0.454
1610612745,0021500232,2015-11-27,H,116,105.804,101.57,104.465,107.78,98.272,97.772,0.499,0.453
1610612745,0021500252,2015-11-29,A,105,105.637,102.16,104.438,108.27,98.272,96.924,0.498,0.452
1610612745,0021500254,2015-11-30,A,105,105.637,102.55,104.689,108.95,98.272,97.224,0.498,0.45
1610612745,0021500274,2015-12-02,H,108,105.64,103.34,104.643,108.26,98.318,97.374,0.499,0.461
1610612745,0021500287,2015-12-04,A,100,105.706,103.88,104.706,107.36,98.263,96.974,0.498,0.469
1610612745,0021500293,2015-12-05,H,120,105.985,106.54,104.751,107.56,98.312,96.874,0.499,0.477
1610612745,0021500315,2015-12-08,A,105,105.928,106.92,104.801,109.0,98.396,97.152,0.499,0.471
1610612745,0021500321,2015-12-09,A,109,105.916,108.8,104.872,109.31,98.414,97.652,0.499,0.487
1610612745,0021500349,2015-12-12,H,126,106.116,109.08,104.779,106.11,98.469,99.502,0.5,0.508
1610612745,0021500365,2015-12-14,A,108,106.31,110.86,104.929,107.47,98.505,99.352,0.5,0.504
1610612745,0021500369,2015-12-15,A,97,106.176,108.59,104.823,106.26,98.639,99.802,0.5,0.495
1610612745,0021500385,2015-12-17,A,107,106.277,108.61,104.793,104.32,98.542,100.1,0.5,0.507
1610612745,0021500401,2015-12-19,H,107,106.159,108.18,104.627,101.78,98.66,100.7,0.501,0.523
1610612745,0021500415,2015-12-21,H,102,106.148,108.1,104.483,101.48,98.624,100.3,0.502,0.522
1610612745,0021500426,2015-12-23,A,101,106.23,108.44,104.593,102.57,98.526,100.1,0.502,0.518
1610612745,0021500439,2015-12-25,H,88,106.037,105.82,104.616,100.33,98.526,99.45,0.501,0.52
1610612745,0021500445,2015-12-26,A,108,106.445,107.53,104.68,101.53,98.459,98.35,0.503,0.519
1610612745,0021500470,2015-12-29,H,115,106.316,108.42,105.106,103.7,98.563,98.0,0.501,0.516
1610612745,0021500485,2015-12-31,H,110,106.338,107.42,105.063,105.86,98.599,97.5,0.502,0.495
1610612745,0021500502,2016-01-02,A,103,106.268,106.89,105.4,106.85,98.63,97.4,0.5,0.493
1610612745,0021500518,2016-01-04,A,93,106.079,108.25,105.466,107.0,98.502,95.7,0.499,0.506
1610612745,0021500538,2016-01-07,H,103,106.235,107.82,105.678,107.95,98.435,95.6,0.499,0.5
1610612745,0021500561,2016-01-10,H,96,106.02,107.43,105.607,108.16,98.44,94.991,0.498,0.487
1610612745,0021500572,2016-01-12,A,107,106.199,109.46,105.521,109.39,98.214,93.641,0.499,0.492
1610612745,0021500581,2016-01-13,H,107,106.065,109.29,105.506,108.6,98.269,94.341,0.499,0.499
1610612745,0021500601,2016-01-15,H,77,105.823,108.05,105.167,109.34,98.141,94.391,0.499,0.489
1610612745,0021500614,2016-01-17,A,112,105.821,107.25,105.118,106.75,98.159,95.341,0.499,0.498
1610612745,0021500624,2016-01-18,A,119,105.933,107.97,105.193,107.61,98.118,95.103,0.5,0.496
1610612745,0021500635,2016-01-20,H,114,105.918,108.04,105.28,107.92,98.155,95.503,0.498,0.491
1610612745,0021500650,2016-01-22,H,102,106.049,108.17,105.494,105.59,98.075,95.353,0.497,0.496
1610612745,0021500665,2016-01-24,H,115,106.333,109.71,105.7,106.43,98.002,95.953,0.498,0.502
1610612745,0021500671,2016-01-25,A,112,106.572,110.18,106.001,107.76,98.002,96.353,0.497,0.497
1610612745,0021500689,2016-01-27,A,99,106.46,109.89,106.107,111.0,98.081,96.812,0.496,0.483
1610612745,0021500701,2016-01-29,A,108,106.372,107.36,106.261,110.81,98.246,99.212,0.494,0.465
1610612745,0021500711,2016-01-30,H,122,106.491,109.0,106.434,112.6,98.209,99.212,0.493,0.459
1610612745,0021500731,2016-02-02,H,115,106.595,112.6,106.245,113.32,98.301,99.562,0.496,0.475
1610612745,0021500749,2016-02-04,A,111,106.404,112.28,106.101,114.32,98.295,99.662,0.496,0.475
1610612745,0021500760,2016-02-06,H,79,106.228,108.45,105.968,111.28,98.264,99.5,0.495,0.461
1610612745,0021500788,2016-02-09,A,110,106.409,108.38,106.182,111.99,98.203,99.05,0.496,0.463
1610612745,0021500800,2016-02-10,A,103,106.49,107.41,106.659,112.6,98.185,100.1,0.492,0.46
1610612745,0021500814,2016-02-19,A,116,106.487,106.02,106.612,110.85,98.215,101.4,0.493,0.461
1610612745,0021500843,2016-02-23,A,103,106.417,105.12,106.624,110.45,98.209,101.345,0.491,0.455
1610612745,0021500859,2016-02-25,A,119,106.557,107.19,106.634,107.98,98.276,101.295,0.492,0.485
1610612745,0021500872,2016-02-27,H,94,106.457,107.17,106.699,108.17,98.347,99.945,0.49,0.481
1610612745,0021500887,2016-02-29,A,121,106.735,106.7,106.962,108.54,98.371,100.145,0.49,0.479
1610612745,0021500901,2016-03-02,H,100,106.479,104.09,106.649,106.88,98.615,101.295,0.492,0.483
1610612745,0021500927,2016-03-05,A,100,106.377,102.47,106.756,106.38,98.689,101.995,0.489,0.47
1610612745,0021500936,2016-03-06,A,113,106.544,106.43,107.015,107.96,98.524,101.595,0.489,0.486
1610612745,0021500951,2016-03-09,A,118,106.811,107.72,107.055,106.37,98.481,101.245,0.491,0.503
1610612745,0021500965,2016-03-11,A,102,106.81,107.82,106.761,104.92,98.615,100.995,0.492,0.509
1610612745,0021500975,2016-03-12,A,109,107.013,108.45,107.206,108.65,98.524,99.845,0.491,0.49
1610612745,0021500992,2016-03-14,H,130,107.165,110.55,106.951,105.63,98.628,100.35,0.494,0.535
1610612745,0021501009,2016-03-16,H,106,107.166,109.81,107.291,108.21,98.487,99.75,0.492,0.513
1610612745,0021501024,2016-03-18,H,116,107.443,112.0,107.329,108.94,98.39,99.8,0.493,0.525
1610612745,0021501029,2016-03-19,A,97,107.228,109.72,107.415,107.28,98.426,99.65,0.491,0.523
1610612745,0021501054,2016-03-22,A,107,107.245,111.41,107.48,109.63,98.56,98.65,0.49,0.509
1610612745,0021501061,2016-03-23,H,87,106.874,111.61,107.276,109.41,98.506,97.0,0.489,0.517
1610612745,0021501077,2016-03-25,H,112,107.049,111.02,107.511,109.15,98.493,97.4,0.489,0.519
1610612745,0021501093,2016-03-27,A,101,107.099,109.25,107.576,109.38,98.5,97.3,0.49,0.503
1610612745,0021501111,2016-03-29,A,106,107.071,110.19,107.52,110.1,98.426,96.8,0.491,0.513
1610612745,0021501124,2016-03-31,H,100,107.038,109.14,107.61,107.78,98.365,96.85,0.489,0.518
1610612745,0021501145,2016-04-03,H,118,107.088,108.07,107.599,110.65,98.353,96.8,0.489,0.48
1610612745,0021501170,2016-04-06,A,86,107.035,106.92,107.421,107.67,98.256,96.05,0.489,0.49
1610612745,0021501175,2016-04-07,H,115,107.182,106.34,107.651,108.51,98.262,96.45,0.49,0.487
1610612745,0021501195,2016-04-10,H,130,107.185,109.14,107.517,108.28,98.341,96.8,0.49,0.501
1610612745,0021501207,2016-04-11,A,129,107.427,110.84,107.593,107.29,98.445,97.2,0.49,0.512
1610612745,0021501224,2016-04-13,H,116,107.428,112.53,107.476,105.3,98.439,98.45,0.49,0.535
1610612745,0021600013,2016-10-26,A,114,107.757,112.39,107.63,106.06,98.463,98.75,0.492,0.533
1610612745,0021600023,2016-10-28,A,106,108.022,113.15,107.55,105.43,98.378,98.65,0.494,0.542
1610612745,0021600041,2016-10-30,H,93,108.109,112.0,107.372,104.9,98.341,98.4,0.496,0.532
1610612745,0021600047,2016-11-01,A,120,108.343,114.08,107.75,107.26,98.25,98.5,0.495,0.532
1610612745,0021600058,2016-11-02,A,118,108.388,114.32,107.609,106.17,98.326,98.4,0.496,0.543
1610612745,0021600084,2016-11-05,A,97,108.178,113.76,107.62,106.84,98.326,100.1,0.494,0.531
1610612745,0021600094,2016-11-07,A,114,108.267,113.89,107.645,105.26,98.308,99.9,0.495,0.538
1610612745,0021600114,2016-11-09,A,101,108.291,112.02,107.554,105.01,98.314,99.05,0.496,0.53
1610612745,0021600134,2016-11-12,H,100,108.42,110.37,107.638,106.29,98.222,97.95,0.496,0.516
1610612745,0021600149,2016-11-14,H,115,108.634,111.08,107.378,107.48,98.216,97.3,0.498,0.504
1610612745,0021600164,2016-11-16,A,103,108.754,109.99,107.306,105.89,98.204,97.35,0.499,0.502
1610612745,0021600171,2016-11-17,H,126,109.082,111.31,107.483,106.36,98.22,97.95,0.499,0.505
1610612745,0021600184,2016-11-19,H,111,109.498,113.23,107.648,107.32,98.14,98.0,0.501,0.507
1610612745,0021600203,2016-11-21,A,99,109.339,111.15,107.363,104.23,98.244,97.85,0.502,0.518
1610612745,0021600219,2016-11-23,H,102,109.426,109.53,107.511,106.16,98.262,97.7,0.502,0.499
1610612745,0021600239,2016-11-25,A,117,109.452,112.02,107.428,106.21,98.238,97.05,0.502,0.515
1610612745,0021600251,2016-11-27,A,130,109.652,113.52,107.465,106.79,98.341,97.2,0.503,0.518
1610612745,0021600265,2016-11-29,A,101,109.717,114.24,107.65,109.74,98.244,96.65,0.502,0.505
1610612745,0021600281,2016-12-01,A,109,109.779,114.49,107.702,108.79,98.22,97.355,0.502,0.511
1610612745,0021600290,2016-12-02,A,128,110.043,115.43,107.799,110.81,98.293,97.605,0.503,0.512
1610612745,0021600311,2016-12-05,H,107,109.899,115.93,107.754,111.23,98.269,97.405,0.504,0.518
1610612745,0021600326,2016-12-07,H,134,110.129,115.51,107.479,108.97,98.372,98.405,0.507,0.536
1610612745,0021600341,2016-12-09,A,102,110.095,113.7,107.49,108.02,98.317,99.105,0.507,0.533
1610612745,0021600352,2016-12-10,H,109,110.16,115.81,107.598,108.03,98.092,98.255,0.506,0.541
1610612745,0021600364,2016-12-12,H,122,110.138,116.7,107.494,107.33,98.244,99.205,0.507,0.546
1610612745,0021600380,2016-12-14,H,132,110.61,118.08,107.446,106.41,98.189,99.405,0.51,0.559
1610612745,0021600395,2016-12-16,H,122,110.665,116.91,107.537,104.91,98.281,99.605,0.51,0.564
1610612745,0021600403,2016-12-17,A,100,110.617,115.56,107.585,101.25,98.251,100.758,0.509,0.577
1610612745,0021600425,2016-12-20,H,100,110.591,114.76,107.684,101.33,98.245,100.503,0.508,0.575
1610612745,0021600435,2016-12-21,A,125,110.84,114.98,107.688,101.66,98.306,100.203,0.509,0.568
1610612745,0021600448,2016-12-23,A,109,111.126,115.88,108.134,103.45,98.281,99.553,0.509,0.56
1610612745,0021600467,2016-12-26,H,131,111.076,115.29,107.901,104.99,98.556,99.853,0.51,0.542
1610612745,0021600474,2016-12-27,A,123,111.327,118.52,107.844,106.6,98.446,99.053,0.511,0.551
1610612745,0021600496,2016-12-30,H,140,111.627,119.45,107.827,107.74,98.489,100.753,0.513,0.552
1610612745,0021600504,2016-12-31,H,129,111.832,120.78,107.688,108.44,98.598,100.303,0.515,0.557
1610612745,0021600518,2017-01-02,H,101,111.76,117.68,107.526,107.65,98.757,100.353,0.515,0.547
1610612745,0021600540,2017-01-05,H,118,111.877,117.76,107.751,109.71,98.812,99.953,0.515,0.536
1610612745,0021600545,2017-01-06,A,100,112.012,118.87,107.837,110.22,98.727,98.9,0.516,0.543
1610612745,0021600563,2017-01-08,A,129,111.994,120.96,107.96,111.65,98.959,99.5,0.515,0.549
1610612745,0021600574,2017-01-10,H,121,112.166,120.16,108.068,111.72,98.965,99.75,0.515,0.547
1610612745,0021600582,2017-01-11,A,105,112.468,119.06,108.337,111.0,99.026,100.5,0.514,0.537
1610612745,0021600595,2017-01-13,H,105,112.396,118.08,108.506,111.71,99.026,99.2,0.513,0.523
1610612745,0021600609,2017-01-15,A,137,112.538,117.9,108.241,110.87,99.092,100.4,0.515,0.526
1610612745,0021600623,2017-01-17,A,103,112.362,114.07,108.067,109.89,99.122,100.7,0.515,0.51
1610612745,0021600632,2017-01-18,H,111,112.42,112.99,107.938,107.64,99.171,100.05,0.517,0.513
1610612745,0021600646,2017-01-20,H,108,112.22,113.48,108.068,110.88,99.275,100.2,0.515,0.5
1610612745,0021600656,2017-01-21,A,119,112.291,113.58,107.867,108.71,99.281,100.2,0.517,0.513
1610612745,0021600670,2017-01-23,A,114,112.457,113.54,107.773,110.48,99.311,101.6,0.518,0.497
1610612745,0021600681,2017-01-25,A,109,112.565,112.04,107.924,110.52,99.214,101.3,0.518,0.487
1610612745,0021600694,2017-01-27,A,123,112.422,111.1,107.733,109.85,99.342,102.3,0.518,0.485
1610612745,0021600713,2017-01-29,A,101,112.262,110.91,107.97,110.31,99.33,102.05,0.516,0.488
1610612745,0021600726,2017-01-31,H,105,112.241,111.01,107.722,107.89,99.293,101.85,0.517,0.506
1610612745,0021600743,2017-02-02,H,108,112.489,108.05,107.827,107.88,99.397,102.0,0.518,0.486
1610612745,0021600749,2017-02-03,H,109,112.513,109.62,107.659,108.64,99.365,101.041,0.518,0.487
1610612745,0021600780,2017-02-07,H,128,112.78,110.37,107.53,109.26,99.371,101.741,0.52,0.487
1610612745,0021600794,2017-02-09,A,107,112.75,110.37,107.516,106.32,99.31,101.691,0.519,0.497
1610612745,0021600812,2017-02-11,H,133,112.967,110.66,107.332,106.06,99.439,102.641,0.522,0.501
1610612745,0021600841,2017-02-15,H,109,112.96,111.31,107.582,106.41,99.347,101.591,0.52,0.503
1610612745,0021600852,2017-02-23,A,129,113.238,112.69,107.422,104.05,99.463,101.991,0.522,0.52
1610612745,0021600872,2017-02-25,H,142,113.351,114.32,107.318,105.14,99.573,102.041,0.523,0.521
1610612745,0021600886,2017-02-27,H,108,113.544,114.6,107.65,104.26,99.475,102.491,0.521,0.524
1610612745,0021600904,2017-03-01,A,122,113.949,116.47,107.726,106.41,99.341,102.391,0.523,0.52
1610612745,0021600924,2017-03-04,H,123,113.983,118.68,107.668,106.66,99.408,101.691,0.524,0.537
1610612745,0021600942,2017-03-06,A,110,113.852,118.7,107.727,106.93,99.439,101.85,0.522,0.534
1610612745,0021600954,2017-03-08,H,108,114.022,118.0,108.021,108.94,99.36,100.9,0.522,0.522
1610612745,0021600966,2017-03-10,A,115,113.934,118.16,107.488,108.42,99.506,101.45,0.524,0.532
1610612745,0021600989,2017-03-12,H,117,113.866,117.92,107.962,110.8,99.427,100.25,0.52,0.516
1610612745,0021601010,2017-03-15,H,139,114.061,118.84,107.478,107.36,99.616,101.95,0.524,0.544
1610612745,0021601024,2017-03-17,A,112,113.877,117.24,107.527,109.8,99.744,102.1,0.522,0.522
1610612745,0021601034,2017-03-18,A,109,113.984,114.91,107.452,108.38,99.774,101.3,0.523,0.523
1610612745,0021601048,2017-03-20,H,125,114.117,116.11,107.539,108.72,99.841,101.65,0.524,0.531
1610612745,0021601079,2017-03-24,H,117,114.362,115.0,107.626,108.59,99.969,102.15,0.524,0.525
1610612745,0021601091,2017-03-26,H,137,114.544,115.62,107.721,109.58,100.061,102.75,0.524,0.523
1610612745,0021601108,2017-03-28,H,106,114.516,114.69,107.71,109.24,100.158,103.2,0.524,0.522
1610612745,0021601125,2017-03-30,A,107,114.461,113.79,107.851,108.71,100.219,103.85,0.522,0.517
1610612745,0021601136,2017-03-31,A,98,114.435,113.25,107.902,111.18,100.219,102.7,0.522,0.499
1610612745,0021601153,2017-04-02,A,123,114.362,112.14,107.838,109.63,100.347,104.35,0.522,0.498
1610612745,0021601168,2017-04-05,H,110,114.399,109.69,107.782,110.16,100.604,104.15,0.522,0.478
1610612745,0021601182,2017-04-07,H,109,114.326,110.02,107.646,109.49,100.61,103.55,0.522,0.488
1610612745,0021601200,2017-04-09,A,135,114.355,112.18,107.818,111.28,100.64,103.9,0.522,0.486
1610612745,0021601210,2017-04-10,A,96,114.001,109.89,108.123,112.08,100.591,103.35,0.519,0.471
1610612745,0021601224,2017-04-12,H,123,114.127,110.6,108.598,113.27,100.555,103.25,0.516,0.469
1610612745,0021700002,2017-10-17,A,122,114.223,109.76,108.61,113.35,100.555,102.8,0.516,0.462
1610612745,0021700013,2017-10-18,A,105,114.141,110.08,108.557,112.38,100.622,102.45,0.516,0.47
1610612745,0021700032,2017-10-21,H,107,114.254,110.3,108.472,109.99,100.689,102.25,0.517,0.492
1610612745,0021700043,2017-10-23,H,90,113.91,109.77,108.148,109.27,100.646,102.0,0.517,0.49
1610612745,0021700057,2017-10-25,A,105,113.762,109.4,108.234,109.42,100.628,100.7,0.516,0.492
1610612745,0021700070,2017-10-27,A,109,114.009,110.56,108.115,109.57,100.524,99.45,0.518,0.499
1610612745,0021700080,2017-10-28,A,89,113.733,109.03,108.117,109.12,100.488,98.9,0.516,0.487
1610612745,0021700095,2017-10-30,H,107,113.704,106.68,108.207,108.2,100.585,98.6,0.515,0.476
1610612745,0021700111,2017-11-01,A,119,113.816,108.85,108.002,105.3,100.683,98.7,0.517,0.5
1610612745,0021700123,2017-11-03,A,119,113.806,108.45,108.163,103.92,100.725,98.7,0.516,0.507
1610612745,0021700140,2017-11-05,H,137,114.2,109.8,108.237,102.83,100.725,98.75,0.518,0.52
1610612745,0021700166,2017-11-09,H,117,114.134,111.25,108.313,104.36,100.695,98.55,0.517,0.519
1610612745,0021700180,2017-11-11,H,111,114.034,111.43,108.138,104.58,100.786,98.8,0.518,0.511
1610612745,0021700190,2017-11-12,A,118,114.232,113.79,108.087,103.73,100.823,99.3,0.518,0.529
1610612745,0021700202,2017-11-14,H,113,114.313,114.05,108.213,105.99,100.866,99.65,0.518,0.518
1610612745,0021700216,2017-11-16,A,142,114.446,115.61,108.204,106.94,101.006,101.0,0.519,0.52
1610612745,0021700232,2017-11-18,A,105,114.252,117.78,107.913,105.12,100.908,100.65,0.519,0.545
1610612745,0021700259,2017-11-22,H,125,114.378,119.77,107.405,103.16,101.061,100.55,0.523,0.571
1610612745,0021700282,2017-11-25,H,117,114.449,119.68,107.389,103.76,101.06,100.45,0.524,0.571
1610612745,0021700294,2017-11-27,H,117,114.3,119.48,107.291,103.66,101.072,100.45,0.523,0.568
1610612745,0021700308,2017-11-29,H,118,114.406,117.62,107.168,102.47,101.091,100.4,0.524,0.567
1610612745,0021700338,2017-12-03,A,118,114.318,117.02,107.239,100.16,101.005,100.95,0.522,0.578
1610612745,0021700366,2017-12-07,A,112,114.493,117.46,107.315,101.27,100.957,100.5,0.523,0.579
1610612745,0021700384,2017-12-09,A,124,114.523,118.2,107.537,103.52,101.091,100.45,0.522,0.577
1610612745,0021700392,2017-12-11,H,130,114.668,119.61,107.634,102.58,101.048,100.7,0.523,0.588
1610612745,0021700412,2017-12-13,H,108,114.402,117.72,107.598,101.44,101.042,99.7,0.522,0.582
1610612745,0021700428,2017-12-15,H,124,114.441,118.46,107.706,103.21,101.036,100.65,0.521,0.579
1610612745,0021700433,2017-12-16,H,115,114.584,117.25,107.823,104.68,101.066,100.8,0.521,0.565
1610612745,0021700445,2017-12-18,H,120,114.865,118.17,107.838,105.01,101.029,100.25,0.523,0.57
1610612745,0021700459,2017-12-20,H,116,114.637,117.74,107.915,106.77,101.103,100.45,0.522,0.558
1610612745,0021700475,2017-12-22,H,118,114.646,117.85,107.951,109.87,101.194,100.4,0.522,0.543
1610612745,0021700496,2017-12-25,A,107,114.606,117.65,108.148,112.44,100.975,99.6,0.52,0.526
1610612745,0021700517,2017-12-28,A,98,114.188,116.02,107.951,111.82,101.06,99.9,0.519,0.517
1610612745,0021700521,2017-12-29,A,103,113.815,113.64,108.084,112.23,100.999,100.0,0.516,0.499
1610612745,0021700540,2017-12-31,H,122,113.817,113.8,108.121,112.43,100.928,99.316,0.516,0.495
1610612745,0021700554,2018-01-03,A,116,113.933,113.83,108.16,112.26,100.983,99.866,0.516,0.499
1610612745,0021700566,2018-01-04,H,114,113.815,112.62,108.184,113.63,101.044,100.016,0.515,0.483
1610612745,0021700580,2018-01-06,A,101,113.77,112.19,108.326,114.34,101.092,99.116,0.513,0.477
1610612745,0021700593,2018-01-08,A,116,113.685,111.29,108.2,114.62,101.037,99.566,0.514,0.469
1610612745,0021700608,2018-01-10,H,121,113.656,112.12,108.176,113.86,101.05,99.316,0.513,0.477
1610612745,0021700626,2018-01-12,A,112,113.728,111.53,107.91,110.66,101.044,99.266,0.516,0.489
1610612745,0021700648,2018-01-15,A,102,113.678,110.47,107.973,110.28,101.037,99.716,0.515,0.481
1610612745,0021700665,2018-01-18,H,116,113.607,113.14,107.957,110.92,100.891,99.016,0.515,0.492
1610612745,0021700679,2018-01-20,H,116,113.848,114.34,108.021,109.37,100.812,99.166,0.515,0.504
1610612745,0021700689,2018-01-22,H,99,113.751,112.45,108.045,107.02,100.763,98.7,0.515,0.508
1610612745,0021700706,2018-01-24,A,104,113.78,112.23,107.796,107.9,100.684,97.75,0.516,0.5
1610612745,0021700720,2018-01-26,A,113,113.651,112.24,107.977,107.01,100.739,97.7,0.514,0.504
1610612745,0021700732,2018-01-28,H,113,113.652,112.58,107.733,105.62,100.708,98.45,0.516,0.515
1610612745,0021700748,2018-01-30,H,114,113.832,113.24,107.718,106.57,100.598,97.7,0.517,0.514
1610612745,0021700764,2018-02-01,A,102,113.809,112.35,107.629,105.37,100.379,96.8,0.517,0.515
1610612745,0021700779,2018-02-03,A,120,114.015,113.26,107.189,104.4,100.415,96.9,0.52,0.521
1610612745,0021700800,2018-02-06,A,123,114.322,116.29,107.638,105.14,100.355,96.25,0.519,0.537
1610612745,0021700806,2018-02-07,A,109,114.568,115.93,107.722,105.95,100.147,95.9,0.521,0.537
1610612745,0021700823,2018-02-09,H,130,114.788,117.33,107.644,105.55,100.185,95.9,0.522,0.543
1610612745,0021700837,2018-02-11,H,104,114.595,117.29,107.62,105.77,100.112,96.4,0.522,0.543
1610612745,0021700849,2018-02-13,A,126,114.993,120.31,107.932,107.43,99.984,95.95,0.522,0.545
1610612745,0021700860,2018-02-14,H,100,114.684,119.13,107.879,105.26,99.904,95.8,0.52,0.553
1610612745,0021700877,2018-02-23,H,120,114.812,120.82,107.684,106.01,99.91,95.05,0.522,0.558
1610612745,0021700896,2018-02-25,A,119,114.809,120.7,107.928,105.77,99.831,95.7,0.521,0.555
1610612745,0021700905,2018-02-26,A,96,114.479,119.82,107.589,104.81,99.636,95.95,0.521,0.556
1610612745,0021700921,2018-02-28,A,105,114.522,118.76,107.384,105.86,99.551,95.4,0.523,0.552
1610612745,0021700939,2018-03-03,H,123,114.518,118.08,107.582,105.95,99.563,95.9,0.523,0.551
1610612745,0021700960,2018-03-06,A,122,114.462,117.81,107.59,105.58,99.6,97.2,0.523,0.556
1610612745,0021700968,2018-03-07,A,110,114.477,116.15,107.468,105.49,99.575,96.85,0.524,0.552
1610612745,0021700979,2018-03-09,A,105,114.41,116.48,107.349,106.72,99.6,96.7,0.525,0.548
1610612745,0021700997,2018-03-11,A,105,114.461,113.8,107.329,103.48,99.447,97.05,0.525,0.555
1610612745,0021701001,2018-03-12,H,109,114.345,115.14,107.059,104.07,99.465,96.65,0.526,0.561
1610612745,0021701023,2018-03-15,H,101,114.143,113.35,107.218,103.54,99.246,96.5,0.524,0.555
1610612745,0021701036,2018-03-17,A,107,114.272,112.84,107.099,103.0,99.069,95.85,0.525,0.556
1610612745,0021701048,2018-03-18,A,129,114.621,116.07,107.323,106.2,99.008,96.15,0.525,0.555
1610612745,0021701064,2018-03-20,A,115,114.741,117.91,107.417,108.99,98.807,95.55,0.525,0.544
1610612745,0021701074,2018-03-22,H,90,114.504,114.88,107.252,105.89,98.723,95.259,0.524,0.535
1610612745,0021701091,2018-03-24,H,114,114.252,113.9,106.859,103.58,98.716,95.509,0.525,0.534
1610612745,0021701101,2018-03-25,H,118,114.451,114.48,106.728,103.17,98.674,95.809,0.526,0.538
1610612745,0021701111,2018-03-27,H,118,114.584,115.22,106.365,100.64,98.668,96.209,0.53,0.558
1610612745,0021701132,2018-03-30,H,104,114.66,114.88,106.287,102.63,98.68,96.409,0.531,0.549
1610612745,0021701145,2018-04-01,A,83,114.433,112.86,106.409,104.3,98.405,95.659,0.529,0.524
1610612745,0021701161,2018-04-03,H,120,114.683,114.12,106.552,104.7,98.271,96.159,0.53,0.526
1610612745,0021701177,2018-04-05,H,96,114.587,112.6,106.37,103.51,98.21,96.509,0.53,0.527
1610612745,0021701194,2018-04-07,H,102,114.329,109.79,106.255,102.52,98.095,96.409,0.53,0.523
1610612745,0021701218,2018-04-10,A,105,114.402,107.11,105.891,99.57,98.137,97.859,0.532,0.527
1610612745,0021701230,2018-04-11,A,83,114.017,106.61,105.739,100.86,98.027,97.55,0.53,0.514
1610612745,0021800009,2018-10-17,H,112,113.857,106.52,105.8,104.67,98.07,97.5,0.528,0.492
1610612745,0021800035,2018-10-20,A,124,113.951,105.98,105.855,105.22,98.192,98.5,0.528,0.483
1610612745,0021800039,2018-10-21,A,112,113.999,105.5,106.137,108.12,98.204,98.45,0.526,0.459
1610612745,0021800057,2018-10-24,H,89,113.915,103.66,106.071,107.5,98.284,98.75,0.525,0.446
1610612745,0021800070,2018-10-26,H,113,113.973,105.63,106.379,109.18,98.32,100.0,0.524,0.451
1610612745,0021800101,2018-10-30,H,85,113.646,102.06,106.491,109.07,98.345,100.05,0.52,0.424
1610612745,0021800118,2018-11-02,A,119,114.08,104.88,106.641,111.35,98.308,99.7,0.523,0.428
1610612745,0021800129,2018-11-03,A,96,114.009,104.05,106.362,109.08,98.253,99.9,0.524,0.429
1610612745,0021800141,2018-11-05,A,98,113.857,104.38,106.411,109.56,98.162,98.9,0.524,0.433
1610612745,0021800163,2018-11-08,A,80,113.493,104.15,106.468,109.9,98.04,98.8,0.521,0.435
1610612745,0021800180,2018-11-10,A,89,112.985,102.65,106.373,107.53,97.966,97.9,0.518,0.437
1610612745,0021800185,2018-11-11,H,115,113.006,103.5,106.289,107.92,97.93,96.4,0.518,0.438
1610612745,0021800200,2018-11-13,A,109,113.16,104.55,106.513,107.67,97.771,95.25,0.518,0.445
1610612745,0021800213,2018-11-15,H,107,113.191,107.86,106.538,107.56,97.637,94.0,0.518,0.466
1610612745,0021800231,2018-11-17,H,132,113.387,109.24,106.282,105.19,97.674,94.35,0.52,0.488
1610612745,0021800258,2018-11-21,H,126,113.349,113.17,106.512,107.11,97.552,94.5,0.519,0.513
1610612745,0021800267,2018-11-23,A,100,113.268,111.12,106.785,106.3,97.568,94.583,0.518,0.502
1610612745,0021800279,2018-11-24,A,108,113.174,112.93,107.201,110.04,97.458,94.033,0.515,0.497
1610612745,0021800296,2018-11-26,A,118,113.241,114.63,107.496,112.66,97.42,94.369,0.514,0.487
1610612745,0021800309,2018-11-28,H,108,113.23,117.33,107.878,115.22,97.347,94.769,0.512,0.494
1610612745,0021800326,2018-11-30,A,136,113.512,121.94,108.001,115.82,97.31,95.019,0.512,0.514
1610612745,0021800334,2018-12-01,H,121,113.533,121.34,108.109,115.08,97.322,95.969,0.511,0.522
1610612745,0021800348,2018-12-03,A,91,113.332,118.87,108.148,114.67,97.286,96.519,0.51,0.512
1610612745,0021800367,2018-12-06,A,91,112.906,115.86,108.13,116.58,97.304,97.719,0.506,0.479
1610612745,0021800378,2018-12-08,A,104,112.774,114.59,108.138,117.8,97.14,96.319,0.505,0.464
1610612745,0021800402,2018-12-11,H,111,112.871,113.8,108.357,116.57,97.06,95.669,0.505,0.462
1610612745,0021800416,2018-12-13,H,126,112.99,116.18,108.466,116.99,96.987,95.886,0.505,0.472
1610612745,0021800432,2018-12-15,A,105,113.02,115.98,108.451,114.93,96.847,95.786,0.505,0.478
1610612745,0021800445,2018-12-17,H,102,112.679,113.56,108.305,111.64,96.963,96.5,0.503,0.483
1610612745,0021800461,2018-12-19,H,136,112.915,115.15,108.23,109.66,96.975,97.4,0.504,0.498
1610612745,0021800467,2018-12-20,A,99,112.789,111.92,107.994,109.81,96.883,96.9,0.504,0.483
1610612745,0021800483,2018-12-22,H,108,112.802,111.66,107.866,110.45,96.877,95.95,0.505,0.474
1610612745,0021800498,2018-12-25,H,113,112.945,112.85,107.937,110.09,96.92,96.9,0.505,0.479
1610612745,0021800512,2018-12-27,H,127,113.257,116.52,107.851,109.94,96.908,96.75,0.506,0.504
1610612745,0021800528,2018-12-29,A,108,113.085,116.35,107.678,108.66,96.906,97.4,0.507,0.51
1610612745,0021800544,2018-12-31,H,113,113.159,116.19,107.823,107.88,96.802,97.75,0.506,0.509
1610612745,0021800565,2019-01-03,A,122,113.333,115.43,107.826,108.38,96.756,98.122,0.507,0.503
1610612745,0021800582,2019-01-05,A,101,113.362,115.0,107.883,109.68,96.732,98.172,0.506,0.492
1610612745,0021800593,2019-01-07,H,125,113.472,117.79,107.971,111.88,96.726,97.622,0.506,0.496
1610612745,0021800610,2019-01-09,H,109,113.277,115.09,107.965,111.68,96.774,97.672,0.505,0.484
1610612745,0021800625,2019-01-11,H,141,113.532,117.62,108.082,111.38,96.86,99.072,0.505,0.497
1610612745,0021800641,2019-01-13,A,109,113.659,117.49,108.163,112.72,96.823,99.272,0.506,0.493
1610612745,0021800646,2019-01-14,H,112,113.561,118.19,108.06,111.93,96.866,98.572,0.506,0.498
1610612745,0021800659,2019-01-16,H,128,113.666,117.69,108.294,113.0,96.905,99.147,0.505,0.493
1610612745,0021800686,2019-01-19,H,125,113.883,118.99,108.572,114.35,97.003,99.495,0.504,0.487
1610612745,0021800699,2019-01-21,A,93,113.696,116.64,108.773,115.69,97.07,99.945,0.502,0.464
1610612745,0021800710,2019-01-23,A,114,113.735,115.54,108.74,114.51,97.045,100.073,0.502,0.464
1610612745,0021800724,2019-01-25,H,121,113.83,116.42,108.945,114.33,97.045,101.023,0.501,0.473
1610612745,0021800737,2019-01-27,H,103,113.644,114.65,108.73,112.8,97.106,100.823,0.501,0.473
1610612745,0021800753,2019-01-29,H,116,113.651,115.42,108.929,113.28,97.259,100.773,0.5,0.473
1610612745,0021800774,2019-02-01,A,122,113.823,115.65,109.66,117.34,97.149,99.273,0.497,0.452
1610612745,0021800786,2019-02-02,A,125,113.609,115.88,109.274,114.25,97.344,100.523,0.498,0.47
1610612745,0021800794,2019-02-04,A,118,113.6,116.25,109.259,115.78,97.448,100.673,0.497,0.468
1610612745,0021800809,2019-02-06,A,127,113.563,116.49,109.222,113.16,97.448,100.348,0.498,0.483
1610612745,0021800832,2019-02-09,H,112,113.583,114.83,109.4,112.56,97.515,100.6,0.497,0.485
1610612745,0021800844,2019-02-11,H,120,113.402,117.9,109.26,111.42,97.588,100.2,0.497,0.51
1610612745,0021800861,2019-02-13,A,111,113.635,118.31,109.704,113.16,97.515,99.65,0.496,0.5
1610612745,0021800872,2019-02-21,A,106,113.333,116.74,109.682,112.05,97.631,99.85,0.494,0.496
1610612745,0021800892,2019-02-23,A,118,113.21,117.14,109.566,112.62,97.722,100.75,0.494,0.496
1610612745,0021800903,2019-02-25,H,119,113.43,118.01,109.83,112.2,97.783,100.25,0.494,0.507
1610612745,0021800911,2019-02-27,A,118,113.494,116.06,109.976,108.45,97.881,101.4,0.493,0.518
1610612745,0021800925,2019-02-28,H,121,113.5,117.19,109.982,111.75,97.856,100.1,0.492,0.505
1610612745,0021800945,2019-03-03,A,115,113.517,117.13,109.978,111.48,97.771,99.85,0.491,0.505
1610612745,0021800961,2019-03-05,A,107,113.552,116.06,109.98,111.71,97.716,99.05,0.492,0.504
1610612745,0021800981,2019-03-08,H,107,113.51,115.88,109.722,109.36,97.771,98.8,0.493,0.515
1610612745,0021800997,2019-03-10,A,94,113.354,113.4,109.863,108.43,97.777,98.6,0.491,0.498
1610612745,0021801004,2019-03-11,H,118,113.437,113.51,110.001,106.51,97.802,99.0,0.49,0.516
1610612745,0021801018,2019-03-13,H,104,113.476,114.52,110.163,107.49,97.789,97.8,0.489,0.516
1610612745,0021801030,2019-03-15,H,108,113.3,113.58,110.009,106.63,97.954,97.75,0.489,0.518
1610612745,0021801048,2019-03-17,H,117,113.117,113.5,109.799,105.94,97.96,97.6,0.489,0.52
1610612745,0021801060,2019-03-19,A,121,113.02,114.02,109.546,105.47,98.1,97.35,0.491,0.527
1610612745,0021801070,2019-03-20,A,113,113.324,113.44,109.895,105.18,98.095,97.214,0.491,0.525
1610612745,0021801084,2019-03-22,H,111,113.354,112.56,110.132,104.84,98.028,97.614,0.49,0.52
1610612745,0021801099,2019-03-24,A,113,113.335,112.7,110.068,103.89,97.985,98.014,0.489,0.519
1610612745,0021801111,2019-03-26,A,94,113.024,111.24,110.285,105.26,98.022,98.264,0.486,0.498
1610612745,0021801126,2019-03-28,H,112,113.127,113.02,110.093,104.51,98.003,98.264,0.487,0.52
1610612745,0021801138,2019-03-30,H,119,113.53,113.63,110.079,104.94,98.083,97.964,0.489,0.516
1610612745,0021801163,2019-04-02,A,130,113.639,115.46,110.078,104.0,98.095,98.664,0.489,0.529
1610612745,0021801176,2019-04-03,A,135,113.974,118.13,110.091,104.19,98.205,98.564,0.49,0.535
1610612745,0021801184,2019-04-05,H,120,114.059,117.51,109.834,102.81,98.32,99.364,0.491,0.536
1610612745,0021801200,2019-04-07,H,149,114.541,119.59,109.973,103.07,98.345,99.864,0.493,0.543
1610612745,0021801218,2019-04-09,A,111,114.851,119.13,110.124,102.74,98.394,100.0,0.495,0.544
1610612745,0021900015,2019-10-24,H,111,114.779,118.21,109.911,102.86,98.449,100.95,0.496,0.543
1610612745,0021900032,2019-10-26,H,126,114.776,117.79,109.988,104.56,98.467,102.45,0.496,0.539
1610612745,0021900045,2019-10-28,H,116,114.783,119.92,109.911,105.05,98.503,102.4,0.497,0.552
1610612745,0021900061,2019-10-30,A,159,115.418,122.45,110.412,110.12,98.656,104.1,0.498,0.54
1610612745,0021900069,2019-11-01,A,116,115.34,120.47,110.185,110.05,98.76,105.55,0.499,0.532
1610612745,0021900086,2019-11-03,A,100,115.412,116.6,110.322,111.07,98.894,106.6,0.499,0.503
1610612745,0021900093,2019-11-04,A,107,115.09,114.03,110.034,110.88,99.034,106.5,0.498,0.489
1610612745,0021900107,2019-11-06,H,129,115.438,115.36,110.278,112.72,99.083,106.15,0.498,0.489
1610612745,0021900129,2019-11-09,A,117,115.487,112.13,110.11,110.68,99.26,106.4,0.499,0.486
1610612745,0021900142,2019-11-11,A,122,115.779,111.76,110.094,109.65,99.479,107.7,0.502,0.489
1610612745,0021900157,2019-11-13,H,102,115.893,111.78,109.995,108.22,99.534,106.8,0.504,0.503
1610612745,0021900169,2019-11-15,H,111,115.755,111.53,109.917,107.34,99.601,105.7,0.504,0.503
1610612745,0021900179,2019-11-16,A,125,115.785,112.77,109.826,106.97,99.741,105.4,0.504,0.506
1610612745,0021900193,2019-11-18,H,132,115.79,110.91,109.862,103.05,99.979,104.85,0.504,0.516
1610612745,0021900211,2019-11-20,A,95,115.451,110.15,109.88,102.69,99.881,103.55,0.502,0.514
1610612745,0021900224,2019-11-22,A,119,115.259,111.91,109.743,102.36,99.979,103.4,0.501,0.53
1610612745,0021900235,2019-11-24,H,123,115.307,112.9,109.888,105.1,100.182,104.0,0.501,0.529
1610612745,0021900259,2019-11-27,H,117,115.263,111.5,109.628,104.71,100.31,104.1,0.502,0.527
1610612745,0021900282,2019-11-30,H,158,115.585,115.44,109.378,106.66,100.416,103.85,0.505,0.536
1610612745,0021900303,2019-12-03,A,110,115.493,114.98,109.091,107.0,100.504,103.171,0.506,0.53
1610612745,0021900318,2019-12-05,A,119,115.209,116.33,109.076,108.28,100.565,103.471,0.504,0.52
1610612745,0021900333,2019-12-07,H,115,115.089,115.88,109.087,108.27,100.607,104.221,0.504,0.52
1610612745,0021900346,2019-12-09,H,118,115.335,115.18,109.216,109.67,100.68,104.221,0.505,0.515
1610612745,0021900356,2019-12-11,A,116,115.691,115.05,109.22,111.31,100.62,102.971,0.508,0.506
1610612745,0021900371,2019-12-13,A,130,116.056,119.55,109.204,112.25,100.62,102.371,0.509,0.523
1610612745,0021900386,2019-12-14,H,107,115.859,118.72,109.161,111.8,100.766,102.121,0.508,0.517
1610612745,0021900396,2019-12-16,H,109,115.439,117.26,108.934,109.17,100.949,102.171,0.507,0.522
1610612745,0021900419,2019-12-19,A,122,115.451,117.52,108.967,109.51,101.132,102.521,0.507,0.52
1610612745,0021900437,2019-12-21,A,139,115.929,116.38,109.323,111.19,101.101,102.121,0.508,0.505
1610612745,0021900453,2019-12-23,A,113,115.672,116.62,109.183,110.41,101.083,102.15,0.508,0.514
1610612745,0021900457,2019-12-25,A,104,115.593,115.07,109.218,110.98,101.217,102.25,0.507,0.502
1610612745,0021900478,2019-12-28,H,108,115.498,115.01,109.068,110.3,101.315,101.75,0.507,0.5
1610612745,0021900488,2019-12-29,A,112,115.554,114.64,109.355,111.23,101.254,101.6,0.507,0.496
1610612745,0021900501,2019-12-31,H,130,115.559,115.43,109.216,109.91,101.278,102.15,0.508,0.505
1610612745,0021900520,2020-01-03,H,118,115.612,112.71,109.226,108.84,101.327,103.2,0.508,0.496
1610612745,0021900558,2020-01-08,A,122,115.556,113.71,109.241,108.54,101.473,103.55,0.508,0.512
1610612745,0021900566,2020-01-09,A,92,115.154,113.09,109.121,109.91,101.495,102.6,0.506,0.494
1610612745,0021900577,2020-01-11,H,139,115.301,113.77,108.828,108.54,101.763,103.35,0.509,0.505
1610612745,0021900600,2020-01-14,A,110,115.145,111.36,108.928,108.64,101.751,102.95,0.507,0.491
1610612745,0021900611,2020-01-15,H,107,115.171,110.98,108.954,109.8,101.72,102.9,0.507,0.477
1610612745,0021900633,2020-01-18,H,115,114.85,111.53,109.04,109.92,101.751,103.45,0.505,0.483
1610612745,0021900645,2020-01-20,H,107,114.746,111.33,108.893,111.28,101.83,103.5,0.506,0.48
1610612745,0021900662,2020-01-22,H,121,114.799,112.0,108.979,108.85,101.879,103.7,0.506,0.492
1610612745,0021900675,2020-01-24,A,131,114.732,110.91,108.828,109.82,101.949,104.65,0.507,0.485
1610612745,0021900685,2020-01-26,A,110,114.53,110.12,108.768,110.6,101.962,104.7,0.507,0.478
1610612745,0021900698,2020-01-27,A,126,114.806,110.49,108.63,110.68,102.059,104.75,0.509,0.472
1610612745,0021900712,2020-01-29,A,112,114.693,111.76,108.74,111.39,102.132,105.3,0.508,0.481
1610612745,0021900722,2020-01-31,H,128,114.791,112.24,108.779,113.93,102.12,103.95,0.508,0.469
1610612745,0021900738,2020-02-02,H,117,114.816,111.95,108.79,111.67,102.248,104.9,0.508,0.48
1610612745,0021900752,2020-02-04,H,125,114.98,113.86,108.7,111.2,102.205,104.75,0.51,0.493
1610612745,0021900768,2020-02-06,A,121,114.791,115.17,108.232,110.71,102.334,104.05,0.511,0.499
1610612745,0021900774,2020-02-07,A,91,114.491,113.79,108.684,112.54,102.23,103.8,0.506,0.475
1610612745,0021900790,2020-02-09,H,113,114.444,113.34,108.749,113.89,102.218,103.45,0.506,0.465
1610612745,0021900806,2020-02-11,H,116,114.243,112.48,108.737,112.41,102.279,103.05,0.505,0.466
1610612745,0021900825,2020-02-20,A,135,114.56,115.07,108.632,111.44,102.242,102.9,0.506,0.483
1610612745,0021900841,2020-02-22,A,120,114.5,115.39,108.652,111.6,102.291,102.1,0.506,0.485
1610612745,0021900853,2020-02-24,H,123,114.488,116.63,108.388,110.27,102.425,102.05,0.508,0.495
1610612745,0021900870,2020-02-26,H,140,114.844,117.17,108.388,108.84,102.449,102.55,0.509,0.505
1610612745,0021900892,2020-02-29,A,100,114.74,116.52,108.352,109.03,102.344,101.536,0.509,0.504
1610612745,0021900903,2020-03-02,A,123,114.677,115.52,108.41,109.82,102.442,102.186,0.508,0.496
1610612745,0021900927,2020-03-05,H,105,114.499,113.66,108.465,110.36,102.466,102.486,0.507,0.487
1610612745,0021900940,2020-03-07,A,99,114.274,115.41,108.398,109.4,102.417,101.636,0.506,0.505
1610612745,0021900953,2020-03-08,H,106,114.056,113.95,108.54,109.77,102.521,102.336,0.505,0.498
1610612745,0021900963,2020-03-10,H,117,114.023,114.26,108.607,110.65,102.649,102.086,0.504,0.496
1610612745,0021901238,2020-07-31,A,138,114.3,113.75,109.035,112.67,102.731,102.813,0.503,0.49
1610612745,0021901248,2020-08-02,H,120,114.474,113.19,109.176,112.72,102.866,103.313,0.505,0.486
1610612745,0021901261,2020-08-04,A,102,114.24,111.48,109.159,112.83,102.914,103.013,0.503,0.477
1610612745,0021901273,2020-08-06,H,113,114.162,108.93,108.865,111.4,103.085,103.013,0.504,0.471
1610612745,0021901290,2020-08-09,A,129,114.337,110.27,108.922,111.3,103.146,104.327,0.504,0.476
1610612745,0021901298,2020-08-11,A,105,114.004,107.98,108.955,110.41,103.347,105.027,0.502,0.468
1610612745,0021901304,2020-08-12,H,104,113.706,107.52,108.895,109.0,103.445,105.377,0.501,0.475
1610612745,0021901315,2020-08-14,H,96,113.377,106.08,109.002,110.14,103.553,106.527,0.499,0.468
1610612745,0022000029,2020-12-26,A,114,113.46,107.67,109.14,109.76,103.532,105.908,0.5,0.479
1610612745,0022000044,2020-12-28,A,111,113.326,106.98,109.465,110.92,103.624,106.008,0.498,0.467
1610612745,0022000065,2020-12-31,H,122,113.602,105.52,109.555,109.52,103.666,105.931,0.5,0.468
1610612745,0022000079,2021-01-02,H,102,113.449,104.61,109.634,108.27,103.697,105.081,0.5,0.481
1610612745,0022000098,2021-01-04,H,100,113.205,105.14,109.712,109.48,103.691,104.331,0.499,0.48
1610612745,0022000107,2021-01-06,A,107,112.895,105.07,109.796,111.64,103.715,103.831,0.497,0.475
1610612745,0022000127,2021-01-08,H,132,112.987,107.06,109.733,110.84,103.618,102.431,0.498,0.49
1610612745,0022000146,2021-01-10,H,102,112.79,107.56,109.999,111.37,103.618,101.581,0.496,0.487
1610612745,0022000161,2021-01-12,H,100,112.249,107.64,110.071,112.71,103.593,101.081,0.493,0.48
1610612745,0022000176,2021-01-14,A,109,112.182,109.33,109.941,110.44,103.63,100.631,0.493,0.496
1610612745,0022000189,2021-01-16,A,91,112.039,106.56,109.852,108.7,103.545,101.05,0.493,0.487
1610612745,0022000211,2021-01-18,A,120,112.035,107.21,109.912,108.23,103.496,101.4,0.492,0.493
1610612745,0022000222,2021-01-20,H,103,111.87,105.71,109.84,107.39,103.52,101.2,0.491,0.483
1610612745,0022000230,2021-01-22,A,103,111.394,105.6,109.363,107.9,103.374,101.45,0.492,0.473
1610612745,0022000247,2021-01-23,A,133,111.729,108.37,109.317,106.81,103.252,101.95,0.494,0.494
1610612745,0022000269,2021-01-26,H,107,111.855,108.07,108.928,103.95,103.185,102.25,0.498,0.506
1610612745,0022000287,2021-01-28,H,104,111.882,104.97,108.976,104.67,103.136,102.55,0.498,0.49
1610612745,0022000300,2021-01-30,A,126,111.789,107.15,108.901,103.72,103.197,102.7,0.498,0.506
1610612745,0022000318,2021-02-01,A,136,112.033,110.36,109.082,102.57,103.16,102.85,0.498,0.524
1610612745,0022000333,2021-02-03,A,87,111.651,107.41,108.948,101.5,103.154,103.8,0.496,0.512
1610612745,0022000340,2021-02-04,A,115,111.838,110.13,109.095,102.01,103.13,103.4,0.495,0.524
1610612745,0022000358,2021-02-06,H,106,111.765,109.31,109.191,101.43,103.142,102.8,0.494,0.522
1610612745,0022000367,2021-02-08,A,94,111.422,109.1,109.391,103.29,103.112,102.05,0.492,0.514
1610612745,0022000377,2021-02-09,A,101,111.187,109.21,109.75,106.22,103.008,101.85,0.489,0.495
1610612745,0022000392,2021-02-11,H,94,111.15,105.4,109.674,105.62,103.032,101.75,0.489,0.476
1610612745,0022000408,2021-02-13,A,99,111.051,105.32,109.805,109.55,102.904,101.1,0.489,0.456
1610612745,0022000421,2021-02-15,A,119,110.983,105.53,109.726,111.25,102.923,102.25,0.488,0.446
1610612745,0022000439,2021-02-17,A,113,110.876,104.01,109.743,111.61,103.002,102.5,0.487,0.44
1610612745,0022000474,2021-02-22,H,100,110.294,101.18,109.932,113.63,102.923,101.9,0.484,0.42
1610612745,0022000491,2021-02-24,A,96,110.23,103.33,110.016,115.76,102.835,100.55,0.483,0.422
1610612745,0022000506,2021-02-26,A,111,110.189,102.81,110.213,117.45,102.792,100.7,0.482,0.41
1610612745,0022000525,2021-02-28,H,84,109.822,99.95,110.432,118.44,102.829,101.65,0.477,0.379
1610612745,0022000532,2021-03-01,H,90,109.515,99.54,110.25,116.71,102.792,101.6,0.476,0.381
1610612745,0022000546,2021-03-03,H,114,109.416,100.53,110.385,116.52,102.877,101.9,0.475,0.389
1610612745,0022000578,2021-03-11,A,105,108.882,100.95,110.376,118.0,103.066,102.65,0.472,0.382
1610612745,0022000584,2021-03-12,A,99,108.8,100.26,110.365,116.39,103.06,103.4,0.472,0.377
1610612745,0022000598,2021-03-14,H,107,108.845,99.73,110.709,117.23,103.005,102.85,0.47,0.37
1610612745,0022000613,2021-03-16,H,107,108.876,101.12,110.92,119.16,102.835,101.15,0.469,0.367
1610612745,0022000622,2021-03-17,H,94,108.338,100.34,110.717,117.63,102.835,101.4,0.467,0.369
1610612745,0022000635,2021-03-19,H,100,108.244,100.33,110.879,117.49,102.78,101.7,0.465,0.37
1610612745,0022000016,2021-03-21,H,112,108.377,100.21,110.883,116.47,102.749,101.9,0.467,0.379
1610612745,0022000657,2021-03-22,H,117,108.527,104.39,110.968,114.7,102.694,100.65,0.468,0.425
1610612745,0022000672,2021-03-24,H,97,108.405,105.54,110.987,117.27,102.633,100.3,0.467,0.425
1610612745,0022000688,2021-03-26,A,101,108.016,103.95,110.972,114.72,102.676,100.5,0.466,0.43
1610612745,0022000696,2021-03-27,A,129,108.21,107.2,111.013,114.07,102.627,99.6,0.466,0.447
1610612745,0022000712,2021-03-29,H,110,108.16,108.46,111.178,115.21,102.536,99.25,0.465,0.457
1610612745,0022000724,2021-03-31,A,108,108.424,109.64,111.338,115.07,102.475,98.25,0.466,0.465
1610612745,0022000738,2021-04-02,A,102,108.207,108.29,111.626,114.33,102.286,98.85,0.463,0.461
1610612745,0022000760,2021-04-04,H,115,108.174,110.02,111.55,115.47,102.365,99.1,0.464,0.468
1610612745,0022000768,2021-04-05,H,130,108.393,112.2,111.71,116.61,102.402,99.8,0.465,0.473
1610612745,0022000456,2021-04-07,H,102,108.444,112.08,111.568,115.54,102.194,98.9,0.466,0.478
1610612745,0022000799,2021-04-09,A,109,108.576,111.73,111.827,118.32,102.109,98.7,0.466,0.461
1610612745,0022000802,2021-04-10,A,109,108.378,111.78,112.039,117.48,102.146,99.7,0.464,0.463
1610612745,0022000822,2021-04-12,A,120,108.333,113.51,112.117,119.21,102.085,99.8,0.464,0.468
1610612745,0022000461,2021-04-14,H,124,108.418,111.83,112.223,120.52,102.152,100.8,0.464,0.457
1610612745,0022000851,2021-04-16,H,99,108.24,111.15,112.507,121.58,102.018,100.5,0.462,0.448
1610612745,0022000864,2021-04-18,A,114,108.368,111.3,112.398,120.08,101.938,100.9,0.463,0.456
1610612745,0022000871,2021-04-19,A,91,107.956,110.18,112.343,119.81,101.902,100.8,0.462,0.459
1610612745,0022000887,2021-04-21,H,89,107.688,107.96,112.438,118.95,101.841,100.6,0.46,0.444
1610612745,0022000901,2021-04-23,H,104,107.371,105.48,112.376,116.66,101.896,100.6,0.459,0.445
1610612745,0022000910,2021-04-24,A,116,107.284,105.66,112.56,118.84,101.92,101.8,0.458,0.432
1610612745,0022000931,2021-04-27,H,107,107.428,104.38,112.322,116.6,101.981,102.75,0.461,0.437
1610612745,0022000945,2021-04-29,H,143,107.607,107.02,112.411,116.94,102.127,103.3,0.461,0.444
1610612745,0022000958,2021-05-01,H,87,107.261,103.69,112.491,115.48,102.14,103.5,0.459,0.427
1610612745,0022000971,2021-05-02,H,97,106.813,101.91,112.713,115.46,102.127,102.7,0.456,0.421
1610612745,0022000994,2021-05-05,H,115,106.754,103.2,113.0,115.64,102.133,103.05,0.455,0.426
1610612745,0022001006,2021-05-07,A,133,106.8,103.77,113.26,117.34,102.194,104.15,0.454,0.419
1610612745,0022001016,2021-05-08,A,116,106.549,105.63,113.412,117.61,102.176,104.8,0.452,0.421
1610612745,0022001031,2021-05-10,A,129,106.794,109.19,113.77,119.95,102.275,105.1,0.452,0.436
1610612745,0022001046,2021-05-12,A,122,106.85,111.25,113.843,121.85,102.208,104.75,0.452,0.436
1610612745,0022001058,2021-05-14,H,122,107.104,112.18,113.837,120.83,102.16,104.45,0.453,0.444
1610612745,0022001066,2021-05-16,A,95,106.927,111.3,113.873,122.12,102.288,104.15,0.452,0.429
1610612745,0022100008,2021-10-20,A,106,106.88,107.99,113.795,121.12,102.336,104.05,0.452,0.418
1610612745,0022100023,2021-10-22,H,124,106.935,111.59,113.545,119.29,102.355,103.85,0.454,0.456
1610612745,0022100037,2021-10-24,H,97,106.562,111.69,113.31,117.56,102.26,103.9,0.453,0.46
1610612745,0022100052,2021-10-26,A,106,106.413,110.4,113.323,115.37,102.248,104.25,0.452,0.465
1610612745,0022100068,2021-10-28,H,91,106.261,107.06,113.451,114.4,102.266,103.6,0.45,0.449
1610612745,0022100093,2021-10-31,A,85,105.977,104.24,113.449,111.7,102.229,103.45,0.449,0.448
1610612745,0022100107,2021-11-02,A,117,105.88,102.78,113.563,109.61,102.193,103.65,0.448,0.447
1610612745,0022100122,2021-11-04,A,111,106.046,101.39,113.676,109.04,102.083,104.0,0.448,0.441
1610612745,0022100133,2021-11-06,A,94,106.052,98.9,113.661,107.56,101.943,103.6,0.449,0.442
1610612745,0022100145,2021-11-07,A,107,106.195,100.08,113.511,107.17,101.931,103.6,0.45,0.451
1610612745,0022100162,2021-11-10,H,104,106.027,100.67,113.459,107.0,101.951,102.75,0.449,0.46
1610612745,0022100177,2021-11-12,H,92,105.848,98.06,113.272,108.68,101.902,102.3,0.449,0.432
1610612745,0022100195,2021-11-14,H,89,105.522,96.99,113.278,109.26,101.848,102.55,0.447,0.423
1610612745,0022100205,2021-11-15,A,102,105.426,96.51,113.661,111.04,101.951,102.65,0.444,0.41
1610612745,0022100221,2021-11-17,A,89,105.216,96.57,113.418,109.21,102.03,102.4,0.443,0.421
1610612745,0022100239,2021-11-20,A,99,105.12,98.04,113.309,110.49,102.037,102.25,0.443,0.422
1610612745,0022100256,2021-11-22,A,90,104.515,95.86,113.42,109.66,102.134,101.95,0.439,0.415
1610612745,0022100271,2021-11-24,H,118,104.676,96.32,113.315,108.41,102.159,102.2,0.441,0.425
1610612745,0022100297,2021-11-27,H,132,105.135,100.12,113.528,111.62,102.1,102.367,0.442,0.424
1610612745,0022100308,2021-11-29,H,102,105.012,99.63,113.288,108.61,102.142,102.367,0.443,0.442
1610612745,0022100326,2021-12-01,A,114,105.332,100.86,113.451,108.64,102.087,102.167,0.445,0.451
1610612745,0022100337,2021-12-03,H,118,105.405,103.58,113.455,109.73,101.996,102.167,0.446,0.461
1610612745,0022100352,2021-12-05,H,118,105.762,107.68,113.649,110.43,101.831,101.067,0.447,0.479
1610612745,0022100372,2021-12-08,H,114,106.001,110.32,113.754,108.66,101.752,99.817,0.447,0.504
1610612745,0022100386,2021-12-10,H,114,105.756,112.8,113.907,110.82,101.77,99.817,0.445,0.508
1610612745,0022100395,2021-12-11,A,106,105.938,114.78,114.363,112.6,101.618,98.817,0.443,0.512
1610612745,0022100407,2021-12-13,A,132,106.189,118.7,114.623,114.54,101.673,98.767,0.443,0.525
1610612745,0022100417,2021-12-15,A,89,105.87,116.94,114.917,116.86,101.545,97.667,0.441,0.508
1610612745,0022100431,2021-12-16,H,103,105.7,114.99,115.257,116.75,101.356,96.75,0.439,0.502
1610612745,0022100441,2021-12-18,A,116,106.065,116.04,115.349,118.4,101.307,96.95,0.442,0.5
1610612745,0022100459,2021-12-20,A,118,106.165,116.96,115.793,121.21,101.258,96.6,0.441,0.49
1610612745,0022100473,2021-12-22,A,106,106.165,115.54,115.974,122.09,101.258,96.75,0.441,0.481
1610612745,0022100476,2021-12-23,A,106,106.388,114.23,116.059,123.05,101.191,96.8,0.441,0.468
1610612745,0022100501,2021-12-27,A,99,106.29,111.58,115.9,123.82,101.258,97.8,0.442,0.448
1610612745,0022100511,2021-12-28,H,123,106.618,112.47,116.234,124.7,101.289,97.8,0.442,0.45
1610612745,0022100532,2021-12-31,H,110,106.688,111.47,116.134,124.07,101.356,98.95,0.442,0.446
1610612745,0022100543,2022-01-01,H,111,106.707,109.78,116.178,124.0,101.246,98.75,0.442,0.433
1610612745,0022100552,2022-01-03,A,113,106.768,111.38,116.444,124.13,101.173,99.45,0.441,0.438
1610612745,0022100569,2022-01-05,A,114,106.848,110.59,116.22,121.52,101.27,101.2,0.443,0.445
1610612745,0022100586,2022-01-07,H,106,106.834,109.64,116.321,123.73,101.386,101.2,0.442,0.424
1610612745,0022100600,2022-01-09,H,123,106.843,108.37,116.411,122.52,101.502,102.7,0.442,0.421
1610612745,0022100711,2022-01-10,H,91,106.999,106.79,116.304,121.14,101.386,102.7,0.445,0.418
1610612745,0022100623,2022-01-12,A,128,107.354,107.46,116.474,120.12,101.484,104.0,0.447,0.43
1610612745,0022100640,2022-01-14,A,114,107.251,108.41,116.333,120.07,101.563,104.4,0.447,0.436
1610612745,0022100651,2022-01-16,A,118,107.427,107.58,116.21,117.8,101.539,104.7,0.449,0.443
1610612745,0022100677,2022-01-19,A,116,107.755,109.01,116.31,117.83,101.423,103.95,0.45,0.446
1610612745,0022100694,2022-01-21,A,103,107.794,108.64,116.102,116.61,101.319,103.45,0.452,0.457
1610612745,0022100719,2022-01-25,H,104,107.579,107.77,116.115,116.46,101.465,103.55,0.451,0.452
1610612745,0022100739,2022-01-28,H,110,107.77,107.9,116.317,118.43,101.465,103.0,0.452,0.444
1610612745,0022100764,2022-01-31,H,108,107.883,108.93,116.429,118.38,101.459,102.3,0.451,0.447
1610612745,0022100777,2022-02-02,H,115,107.961,109.38,116.387,116.27,101.405,101.1,0.452,0.46
1610612745,0022100792,2022-02-04,A,106,107.8,110.96,116.723,118.14,101.441,101.1,0.449,0.454
1610612745,0022100808,2022-02-06,H,107,107.873,109.8,116.633,118.57,101.49,100.35,0.449,0.444
1610612745,0022100819,2022-02-08,A,97,107.86,108.94,116.721,117.9,101.447,99.55,0.448,0.435
1610612745,0022100834,2022-02-10,H,120,107.689,109.35,117.022,120.73,101.508,99.35,0.446,0.426
1610612745,0022100865,2022-02-14,A,101,107.671,107.77,117.273,123.11,101.441,99.4,0.445,0.412
1610612745,0022100882,2022-02-16,A,121,107.677,108.68,117.162,123.76,101.575,100.35,0.445,0.405
1610612745,0022100888,2022-02-17,A,111,107.684,109.15,117.312,124.15,101.679,100.6,0.444,0.406
1610612745,0022100898,2022-02-25,A,111,107.65,109.04,117.263,123.23,101.679,100.85,0.444,0.405
1610612745,0022100916,2022-02-27,H,98,107.372,108.01,116.963,120.99,101.581,100.8,0.444,0.41
1610612745,0022100929,2022-03-01,H,100,107.241,106.18,117.082,121.24,101.691,101.25,0.442,0.397
1610612745,0022100935,2022-03-02,H,115,107.251,107.23,116.948,120.16,101.741,101.158,0.442,0.407
1610612745,0022100952,2022-03-04,A,101,107.23,106.51,116.94,120.0,101.662,101.108,0.443,0.408
1610612745,0022100964,2022-03-06,H,123,107.294,108.87,116.788,119.76,101.643,101.408,0.443,0.427
1610612745,0022100970,2022-03-07,A,106,107.227,108.04,116.829,118.94,101.515,100.858,0.442,0.422
1610612745,0022100985,2022-03-09,H,125,107.432,109.19,116.58,115.9,101.623,101.995,0.444,0.442
1610612745,0022100999,2022-03-11,H,100,107.271,107.97,116.645,115.84,101.605,101.145,0.444,0.448
1610612745,0022101017,2022-03-13,A,105,107.38,107.69,116.763,115.31,101.672,100.745,0.443,0.447
1610612745,0022101038,2022-03-16,H,112,107.739,108.69,117.077,117.42,101.593,99.895,0.444,0.446
1610612745,0022101053,2022-03-18,H,118,107.943,110.16,117.229,118.84,101.569,100.495,0.445,0.455
1610612745,0022101063,2022-03-20,H,98,107.689,109.33,117.121,119.16,101.605,101.095,0.445,0.454
1610612745,0022101077,2022-03-21,H,115,107.923,109.89,117.041,117.37,101.483,100.637,0.446,0.464
1610612745,0022101092,2022-03-23,A,91,107.467,108.96,116.917,116.75,101.331,100.587,0.445,0.461
1610612745,0022101105,2022-03-25,A,125,108.022,109.66,116.95,116.81,101.227,100.087,0.448,0.465
1610612745,0022101114,2022-03-26,A,115,108.256,110.35,116.655,114.03,101.221,100.287,0.45,0.488
1610612745,0022101128,2022-03-28,H,120,108.261,110.0,116.468,114.72,101.264,100.1,0.451,0.48
1610612745,0022101142,2022-03-30,H,118,108.157,111.04,116.338,114.82,101.19,100.75,0.451,0.478
1610612745,0022101154,2022-04-01,H,117,108.196,112.32,116.357,114.28,101.16,100.6,0.451,0.486
1610612745,0022101173,2022-04-03,H,132,108.188,112.87,116.316,113.71,101.19,101.8,0.451,0.488
1610612745,0022101180,2022-04-05,A,105,107.984,111.59,116.229,113.65,101.197,101.7,0.45,0.474
1610612745,0022101206,2022-04-08,A,115,107.873,113.69,116.24,113.61,101.215,101.25,0.449,0.483
1610612745,0022101221,2022-04-10,H,114,108.156,113.21,116.406,116.91,101.154,101.45,0.451,0.47
1610612745,0022200005,2022-10-19,A,107,108.19,113.92,116.352,116.49,101.13,102.4,0.451,0.473
1610612745,0022200024,2022-10-21,H,122,108.194,113.0,116.818,118.21,101.111,102.9,0.448,0.459
1610612745,0022200033,2022-10-22,A,105,108.293,111.99,117.067,120.94,101.099,102.9,0.447,0.436
1610612745,0022200048,2022-10-24,H,114,108.451,111.96,117.05,120.14,101.032,102.35,0.448,0.442
1610612745,0022200063,2022-10-26,A,101,108.524,110.07,116.839,118.51,101.087,102.75,0.449,0.434
1610612745,0022200080,2022-10-28,A,111,108.823,109.38,117.224,118.81,101.081,102.8,0.449,0.433
1610612745,0022200094,2022-10-30,A,109,108.859,108.28,117.411,118.59,100.965,101.8,0.448,0.429
1610612745,0022200102,2022-10-31,A,93,108.704,107.29,117.154,116.62,100.898,101.55,0.449,0.435
1610612745,0022200112,2022-11-02,H,101,108.778,106.32,117.316,116.38,100.91,101.1,0.448,0.429
1610612745,0022200137,2022-11-05,A,117,108.884,106.05,117.422,115.5,100.916,101.65,0.448,0.427
1610612745,0022200145,2022-11-07,A,134,109.234,109.23,117.561,116.91,100.94,101.2,0.449,0.436
1610612745,0022200165,2022-11-09,A,109,109.483,108.63,117.723,116.1,100.916,100.7,0.45,0.447
1610612745,0022200191,2022-11-12,A,106,109.699,108.52,117.798,115.25,100.898,100.9,0.451,0.453
1610612745,0022200203,2022-11-14,H,106,109.806,107.62,117.706,116.42,100.837,101.05,0.452,0.443
1610612745,0022200218,2022-11-16,A,101,109.989,108.58,117.644,115.81,100.794,100.0,0.455,0.468
1610612745,0022200228,2022-11-18,H,91,109.938,107.18,117.609,113.64,100.745,99.5,0.455,0.468
1610612745,0022200245,2022-11-20,H,120,110.317,107.82,117.872,113.44,100.715,99.9,0.456,0.475
1610612745,0022200278,2022-11-25,H,128,110.473,110.83,118.0,115.35,100.684,100.45,0.456,0.485
1610612745,0022200287,2022-11-26,H,118,110.211,111.87,117.623,114.14,100.762,101.15,0.457,0.501
1610612745,0022200305,2022-11-28,A,113,110.412,112.16,118.191,114.92,100.695,100.55,0.455,0.5
1610612745,0022200320,2022-11-30,A,100,110.291,109.53,118.366,115.24,100.652,99.8,0.453,0.485
1610612745,0022200334,2022-12-02,A,122,110.326,110.49,118.441,115.62,100.652,100.0,0.452,0.479
1610612745,0022200342,2022-12-03,A,101,110.018,110.3,118.518,116.34,100.719,99.6,0.451,0.477
1610612745,0022200356,2022-12-05,H,109,109.973,111.69,118.521,115.34,100.699,98.686,0.45,0.488
1610612745,0022200375,2022-12-08,A,109,109.939,112.39,118.518,117.99,100.662,98.736,0.45,0.467
1610612745,0022200401,2022-12-11,H,97,109.71,112.91,118.166,117.17,100.748,98.836,0.451,0.483
1610612745,0022200411,2022-12-13,H,111,109.517,112.14,117.857,114.42,100.705,98.686,0.452,0.496
1610612745,0022200424,2022-12-15,H,108,109.73,110.85,117.694,114.35,100.717,97.936,0.454,0.491
1610612745,0022200441,2022-12-17,H,95,109.543,109.51,117.51,115.82,100.778,96.886,0.454,0.476
1610612745,0022200455,2022-12-19,H,105,109.476,108.36,117.752,114.8,100.729,97.236,0.452,0.477
1610612745,0022200472,2022-12-21,H,110,109.26,108.5,117.428,113.52,100.821,97.986,0.452,0.488
1610612745,0022200487,2022-12-23,H,106,109.326,107.34,117.315,112.85,100.766,97.686,0.453,0.49
1610612745,0022200501,2022-12-26,A,133,109.527,110.2,117.189,112.15,100.87,98.036,0.455,0.505
1610612745,0022200507,2022-12-27,A,102,109.587,108.41,117.268,113.55,100.839,98.95,0.455,0.49
1610612745,0022200528,2022-12-29,A,114,109.478,108.69,117.233,114.16,100.839,99.25,0.455,0.489
1610612745,0022200541,2022-12-31,H,88,109.259,107.77,117.17,115.9,100.778,99.2,0.454,0.473
1610612745,0022200556,2023-01-02,H,106,109.278,107.82,117.096,117.76,100.705,98.75,0.455,0.458
1610612745,0022200572,2023-01-04,A,108,109.283,107.71,117.002,118.46,100.644,98.85,0.456,0.451
1610612745,0022200578,2023-01-05,H,114,109.348,108.99,117.315,119.92,100.577,99.55,0.454,0.445
1610612745,0022200601,2023-01-08,H,96,109.311,108.29,117.072,118.15,100.504,99.35,0.455,0.448
1610612745,0022200625,2023-01-11,A,115,109.271,108.46,117.062,119.52,100.455,99.7,0.455,0.445
1610612745,0022200640,2023-01-13,A,114,109.588,108.94,117.421,122.01,100.431,99.95,0.455,0.429
1610612745,0022200649,2023-01-15,A,100,109.296,105.57,117.427,122.07,100.394,100.1,0.453,0.412
1610612745,0022200664,2023-01-16,A,132,109.634,108.8,117.715,123.73,100.29,99.9,0.453,0.419
